,itemid,comment_id,comment_all,word,datamonth,is_new
0,36880373796,309720912532,不同口味都很香香，喜欢QQ口感的食物。出门随手拿几个放车上，饿了吃也不担心热量高，吃完再来买。,不同#=口味#=都#=很#=香香#=，#=喜欢#=QQ#=口感#=的#=食物#=。#=出门#=随手#=拿#=几个#=放#=车上#=，#=饿#=了#=吃#=也#=不#=担心#=热量#=高#=，#=吃#=完#=再#=来#=买#=。,201705,1
1,16276241332,296804792945,还没吃??不过热量比另一个牌子高很多 不知道为什么,还#=没#=吃#=?#=?#=不过#=热量#=比#=另#=一个#=牌子#=高#=很多#= #=不#=知道#=为什么,201612,1
2,38531031585,279402408085,买的两袋什锦，里面只有龟苓膏，菠萝，柠檬三种味道，希望下次发货种类更全一点。一个小果冻热量还挺高，大家注意别吃胖了233333,买#=的#=两袋#=什锦#=，#=里面#=只有#=龟苓膏#=，#=菠萝#=，#=柠檬#=三种#=味道#=，#=希望#=下次#=发货#=种类#=更全#=一点#=。#=一个#=小#=果冻#=热量#=还#=挺#=高#=，#=大家#=注意#=别#=吃#=胖#=了#=233333,201607,1
3,530875039189,313892051461,为什么这个综合果仁有一股奇怪的味道，就像是时间长了。。。榛子酥我竟然吃出了一股燕麦糖的味道。。。葡萄干甜度挺好，这很正常。。。。以后这种热量很高的赠品最好别给，薯条沙拉。,为什么#=这个#=综合#=果仁#=有#=一股#=奇怪#=的#=味道#=，#=就#=像是#=时间#=长#=了#=。#=。#=。#=榛子#=酥#=我#=竟然#=吃#=出#=了#=一股#=燕麦#=糖#=的#=味道#=。#=。#=。#=葡萄干#=甜度#=挺#=好#=，#=这#=很#=正常#=。#=。#=。#=。#=以后#=这种#=热量#=很#=高#=的#=赠品#=最好#=别#=给#=，#=薯条#=沙拉#=。,201706,1
4,41334698775,310614804827,果然夏天布丁是王道，也没雪糕热量高，就是老是不做活动！,果然#=夏天#=布丁#=是#=王道#=，#=也#=没#=雪糕#=热量#=高#=，#=就是#=老是#=不#=做#=活动#=！,201705,1
5,539059062435,311088847768,本来有点担心没有热量味道会打折，收到后吃了一个感觉和普通果冻没太大区别，而且的确比日本那款零卡果冻性价比高了很多。,本来#=有点#=担心#=没有#=热量#=味道#=会#=打折#=，#=收到#=后#=吃#=了#=一个#=感觉#=和#=普通#=果冻#=没太大#=区别#=，#=而且#=的确#=比#=日本#=那款#=零卡#=果冻#=性价比#=高#=了#=很多#=。,201705,1
6,521436508732,320433109894,已经开了一包！好好吃！热量又不高！赞！,已经#=开#=了#=一包#=！#=好#=好吃#=！#=热量#=又#=不#=高#=！#=赞#=！,201708,1
7,45181408847,314192759879,挺好吃的，还送了几个小果冻样子的也蛮好吃。热量也不高，不错不错。,挺好吃#=的#=，#=还#=送#=了#=几个#=小#=果冻#=样子#=的#=也#=蛮#=好吃#=。#=热量#=也#=不#=高#=，#=不错#=不错#=。,201706,1
8,551605908284,320348998813,一套一个箱子 一下寄来了5个箱子 吓一跳 很划算呢  有豆子味道不错 热量也不高 当健康夜宵挺合适,一套#=一个#=箱子#= #=一下#=寄来#=了#=5#=个#=箱子#= #=吓一跳#= #=很#=划算#=呢#= #= #=有#=豆子#=味道#=不错#= #=热量#=也#=不#=高#= #=当#=健康#=夜宵#=挺#=合适,201708,1
9,44672566547,317011568988,热量不高，好吃！,热量#=不高#=，#=好吃#=！,201707,1
10,532747372840,317381902892,挺好吃的，热量也不高。基本上不放糖水只放奶包。,挺好吃#=的#=，#=热量#=也#=不#=高#=。#=基本上#=不#=放#=糖水#=只放奶#=包#=。,201707,1
11,549987671987,317659547052,这个布丁真的是物有所值，口感细腻，配上一层半熟芝士简直完美，就是热量太高减肥的请注意&hellip;,这个#=布丁#=真的#=是#=物有所值#=，#=口感#=细腻#=，#=配#=上#=一层#=半熟#=芝士#=简直#=完美#=，#=就是#=热量#=太高#=减肥#=的#=请#=注意#=&#=hellip#=;,201707,1
12,39283186601,320181442578,回购多次了，我这一夏天的甜品，很消暑解渴，热量也不高，味道比其它牌子的好,回购#=多次#=了#=，#=我#=这#=一#=夏天#=的#=甜品#=，#=很#=消暑#=解渴#=，#=热量#=也#=不#=高#=，#=味道#=比#=其它#=牌子#=的#=好,201708,1
13,554660991104,325867007876,好吃热量不高！,好吃#=热量#=不高#=！,201710,1
14,556739621392,321723838642,有防伪标签，查询了是正品。快递速度也很快，晚上拍下付款，第二天发货，不到三天就收到了，真是神速啊。这款酵素果冻成份纯天然的，无添加，不含热量高的蔗糖，只是果糖和木糖醇，吃起来口感甜而不腻，还有果汁成份，味道独特，和平时吃的果冻差不多，比那种还好吃呢，很满意。而且这款还带瘦身功能，真心不错的。,有#=防伪#=标签#=，#=查询#=了#=是#=正品#=。#=快递#=速度#=也#=很快#=，#=晚上#=拍#=下#=付款#=，#=第二天#=发货#=，#=不到#=三天#=就#=收到#=了#=，#=真是#=神速#=啊#=。#=这#=款#=酵素#=果冻#=成份#=纯天然#=的#=，#=无#=添加#=，#=不#=含#=热量#=高#=的#=蔗糖#=，#=只是#=果糖#=和#=木糖醇#=，#=吃#=起来#=口感#=甜而不腻#=，#=还有#=果汁#=成份#=，#=味道#=独特#=，#=和#=平时#=吃#=的#=果冻#=差不多#=，#=比#=那种#=还#=好吃#=呢#=，#=很#=满意#=。#=而且#=这款#=还#=带#=瘦身#=功能#=，#=真心#=不错#=的#=。,201708,1
15,552922495555,323138095803,两周收到货，速度还可以，味道不错，盒子也很结实，只是热量很高。,两周#=收到#=货#=，#=速度#=还#=可以#=，#=味道#=不错#=，#=盒子#=也#=很#=结实#=，#=只是#=热量#=很#=高#=。,201709,1
16,45181408847,321577503102,最近迷上了好爱吃 不知道热量高不高 捂脸,最近#=迷上#=了#=好#=爱#=吃#= #=不#=知道#=热量#=高不高#= #=捂脸,201708,1
17,546241443980,321636606967,挺好吃的啊，虽然有很多人说不甜，还有人说哭，但是我觉得挺甜啊，刚刚好，不太喜欢吃太甜的，这个刚好适合我，而且热量也不高，应该还会再买？,挺好吃#=的#=啊#=，#=虽然#=有#=很多#=人#=说#=不#=甜#=，#=还有#=人#=说#=哭#=，#=但是#=我#=觉得#=挺#=甜#=啊#=，#=刚刚#=好#=，#=不太#=喜欢#=吃太甜#=的#=，#=这个#=刚好#=适合#=我#=，#=而且#=热量#=也#=不#=高#=，#=应该#=还会#=再#=买#=？,201708,1
18,532747372840,323423854355,好吃好吃，热量还不高，很满足,好吃#=好吃#=，#=热量#=还#=不#=高#=，#=很#=满足,201709,1
19,557186339651,325768274064,零脂肪 低热量 高营养的食品，可以代替正餐，卖家说搭配随便果，减肥效果会很好，代餐是降低摄入量，随便果是帮助排出更多热量，用了10天真的瘦了5斤左右，吃完还会再来,零#=脂肪#= #=低热量#= #=高#=营养#=的#=食品#=，#=可以#=代替#=正餐#=，#=卖家#=说#=搭配#=随便#=果#=，#=减肥#=效果#=会#=很#=好#=，#=代餐#=是#=降低#=摄入量#=，#=随便#=果是#=帮助#=排出#=更#=多#=热量#=，#=用#=了#=10#=天#=真的#=瘦#=了#=5#=斤#=左右#=，#=吃#=完#=还#=会#=再#=来,201710,1
20,554660991104,326482326439,红豆比较好吃，原味也还可以，热量不高????乛?乛????完美,红豆#=比较#=好吃#=，#=原味#=也#=还#=可以#=，#=热量#=不高#=?#=?#=?#=?#=乛#=?#=乛#=?#=?#=?#=?#=完美,201710,1
21,558997806109,326191416187,便秘神器，但是减肥的话要坚持吃才行，我一周多减了3斤的样子，不过要注意饮食少吃油腻热量高的零食多吃粗粮和饭多喝水助排便才有效果。,便秘#=神器#=，#=但是#=减肥#=的话#=要#=坚持#=吃#=才#=行#=，#=我#=一周#=多减#=了#=3#=斤#=的#=样子#=，#=不过#=要#=注意#=饮食#=少#=吃#=油腻#=热量#=高#=的#=零食#=多#=吃#=粗粮#=和#=饭#=多喝水#=助#=排便#=才#=有#=效果#=。,201710,1
22,550212423786,327077481290,味道和普通果冻一样，却没有热量，减肥者的福音啊！整整两大包，量很足，价格实惠，性价比高！满意！,味道#=和#=普通#=果冻#=一样#=，#=却#=没有#=热量#=，#=减肥#=者#=的#=福音#=啊#=！#=整整#=两#=大包#=，#=量#=很#=足#=，#=价格#=实惠#=，#=性价比#=高#=！#=满意#=！,201710,1
23,557504109320,326785368173,这款酵素果冻真的不错，纯度高而且味道超好，而且携带方便。吃过热量高的东西，然后来一支，就不会胖。,这#=款#=酵素#=果冻#=真的#=不错#=，#=纯度#=高#=而且#=味道#=超好#=，#=而且#=携带方便#=。#=吃#=过#=热量#=高#=的#=东西#=，#=然后#=来#=一支#=，#=就#=不会#=胖#=。,201710,1
24,547039919139,327617740141,好吃，Q弹的比果冻耐嚼吃完还有饱腹感，热量也不高，减肥吃刚刚好。,好吃#=，#=Q#=弹#=的#=比#=果冻#=耐嚼#=吃#=完#=还有#=饱腹#=感#=，#=热量#=也#=不#=高#=，#=减肥#=吃#=刚刚#=好#=。,201710,1
25,560678378118,329914612885,这个存臻品牌的果冻挺好的，可以使你的肠道更加通顺，挺好的，还会回购的，而且质量也特别不错，对减肥挺有效的，如果想更有效减肥就是加上迈开腿，加强运动，并坚持下去。清淡饮食，身体摄入的热量要小于消耗的热量，身体才会消耗囤积的脂肪，安全性高，可以从源头抑制脂肪的吸收，配合运动，效果显著。不错！不错！赞赞赞！！,这个#=存臻#=品牌#=的#=果冻#=挺#=好#=的#=，#=可以#=使#=你#=的#=肠道#=更加#=通顺#=，#=挺#=好#=的#=，#=还会#=回购#=的#=，#=而且#=质量#=也#=特别#=不错#=，#=对#=减肥#=挺#=有效#=的#=，#=如果#=想#=更#=有效#=减肥#=就是#=加上#=迈开#=腿#=，#=加强#=运动#=，#=并#=坚持下去#=。#=清淡#=饮食#=，#=身体#=摄入#=的#=热量#=要#=小于#=消耗#=的#=热量#=，#=身体#=才#=会#=消耗#=囤积#=的#=脂肪#=，#=安全性#=高#=，#=可以#=从#=源头#=抑制#=脂肪#=的#=吸收#=，#=配合#=运动#=，#=效果显著#=。#=不错#=！#=不错#=！#=赞赞赞#=！#=！,201711,1
26,528216410808,330441895058,奶味很浓郁，挺好吃的，可能是热量比较高，所以虽然个头不太大但是吃了一个就有点顶了，到没有其他评论里说的腻，可能是我本来就喜欢吃甜食吧，也还好吧不算甜，蛮好吃的，到家就放冰箱了嘿嘿嘿，估计很快就会吃完了,奶味#=很#=浓郁#=，#=挺好吃#=的#=，#=可能#=是#=热量#=比较#=高#=，#=所以#=虽然#=个头#=不太大#=但是#=吃#=了#=一个#=就#=有点#=顶#=了#=，#=到#=没有#=其他#=评论#=里#=说#=的#=腻#=，#=可能#=是#=我#=本来#=就#=喜欢#=吃#=甜食#=吧#=，#=也#=还好#=吧#=不算#=甜#=，#=蛮#=好吃#=的#=，#=到家#=就#=放#=冰箱#=了#=嘿嘿嘿#=，#=估计#=很快#=就#=会#=吃#=完#=了,201711,1
27,557259819488,330179392187,好吃，热量也不高，很爽口,好吃#=，#=热量#=也#=不#=高#=，#=很#=爽口,201711,1
28,549989141975,331261265788,吃了果冻后肠道更加通顺，挺好的，天天拉的都有油，还会回购的，而且质量也不错，对改善便秘挺有效的，如果想更有效减肥就是加上迈开腿，加强运动，并坚持下去。清淡饮食，身体摄入的热量要小于消耗的热量，身体才会消耗囤积的脂肪，安全性高，可以从源头抑制脂肪的吸收，配合运动，效果显著。不错！不错,吃#=了#=果冻#=后#=肠道#=更加#=通顺#=，#=挺#=好#=的#=，#=天天#=拉#=的#=都#=有#=油#=，#=还会#=回购#=的#=，#=而且#=质量#=也#=不错#=，#=对#=改善#=便秘#=挺#=有效#=的#=，#=如果#=想#=更#=有效#=减肥#=就是#=加上#=迈开#=腿#=，#=加强#=运动#=，#=并#=坚持下去#=。#=清淡#=饮食#=，#=身体#=摄入#=的#=热量#=要#=小于#=消耗#=的#=热量#=，#=身体#=才#=会#=消耗#=囤积#=的#=脂肪#=，#=安全性#=高#=，#=可以#=从#=源头#=抑制#=脂肪#=的#=吸收#=，#=配合#=运动#=，#=效果显著#=。#=不错#=！#=不错,201711,1
29,554835620464,331000472142,说是零卡 其实热量还是很高 本来是想买点减肥期间吃的零食 结果还是吃不了 生气,说#=是#=零卡#= #=其实#=热量#=还是#=很#=高#= #=本来#=是#=想#=买点#=减肥#=期间#=吃#=的#=零食#= #=结果#=还是#=吃#=不了#= #=生气,201711,1
30,536657701289,331895060313,我的布丁，等了半个月终于来了，不容易啊！双十一半价优惠抢购买的，等到宝宝我都心碎了。一打开箱子，发现只有3种口味，有点小怨念。幸好口味的多少也不大影响我，因为我更喜欢吃原味，酸酸甜甜，Q弹Q弹的口感，加上大块椰果，吃得也过瘾。最重要的一点是它是乳酸菌布丁，乳酸菌对肠胃特别好。算是有功效性。每天吃着自己喜欢的布丁，热量不高，脂肪和蛋白质是0，对肠道又好，赚了！,我#=的#=布丁#=，#=等#=了#=半个#=月#=终于#=来#=了#=，#=不#=容易#=啊#=！#=双十#=一半#=价#=优惠#=抢#=购买#=的#=，#=等到#=宝宝#=我#=都#=心碎#=了#=。#=一#=打开#=箱子#=，#=发现#=只有#=3#=种#=口味#=，#=有点#=小#=怨念#=。#=幸好#=口味#=的#=多少#=也#=不大#=影响#=我#=，#=因为#=我#=更#=喜欢#=吃#=原味#=，#=酸酸甜甜#=，#=Q#=弹#=Q#=弹#=的#=口感#=，#=加上#=大块#=椰果#=，#=吃#=得#=也#=过瘾#=。#=最#=重要#=的#=一点#=是#=它#=是#=乳酸菌#=布丁#=，#=乳酸菌#=对#=肠胃#=特别#=好#=。#=算是#=有#=功效#=性#=。#=每天#=吃#=着#=自己#=喜欢#=的#=布丁#=，#=热量#=不高#=，#=脂肪#=和#=蛋白质#=是#=0#=，#=对#=肠道#=又#=好#=，#=赚#=了#=！,201711,1
31,560724102488,332245730023,老客户了，5盒装太划算了，按照正常的吃法，一个月绰绰有余，非常推荐这个给大家！！排便排毒效果比较明显，如果要减脂要少吃高热量高糖分的东西，适量运动下更好|！！！,老客户#=了#=，#=5#=盒装#=太#=划算#=了#=，#=按照#=正常#=的#=吃法#=，#=一个月#=绰绰有余#=，#=非常#=推荐#=这个#=给#=大家#=！#=！#=排便#=排毒#=效果#=比较#=明显#=，#=如果#=要#=减脂#=要#=少#=吃#=高热量#=高#=糖分#=的#=东西#=，#=适量#=运动#=下#=更好#=|#=！#=！#=！,201711,1
32,557297391999,332037895695,特好吃，热量不高,特#=好吃#=，#=热量#=不高,201711,1
33,557259819488,332286199879,看到网上有博主推荐的（小博主，应该不是推广的），然后就趁着双十一入手看了，刚开始很期待，其实就是小时候零食店买的蒟蒻的味道，没有惊喜撒，但如果想吃热量不是很高的零食的话，这个是可以考虑滴。另外我好喜欢那个纸盒的包装啊 ！纸上有一股清香的味道~~,看到#=网上#=有博主#=推荐#=的#=（#=小博主#=，#=应该#=不是#=推广#=的#=）#=，#=然后#=就#=趁着#=双十#=一#=入手#=看#=了#=，#=刚#=开始#=很#=期待#=，#=其实#=就是#=小时候#=零食#=店#=买#=的#=蒟#=蒻#=的#=味道#=，#=没有#=惊喜#=撒#=，#=但#=如果#=想#=吃#=热量#=不是#=很#=高#=的#=零食#=的话#=，#=这个#=是#=可以#=考虑#=滴#=。#=另外#=我#=好#=喜欢#=那个#=纸盒#=的#=包装#=啊#= #=！#=纸上#=有#=一股#=清香#=的#=味道#=~#=~,201711,1
34,562316150530,334044885964,素毛肚太好吃了，热量不算高，我的低卡零食组又添新成员了,素#=毛肚#=太#=好吃#=了#=，#=热量#=不算#=高#=，#=我#=的#=低卡#=零食#=组又添#=新#=成员#=了,201712,1
35,38822067829,333271926170,有点甜 还不错 热量比想象中高,有点#=甜#= #=还#=不错#= #=热量#=比#=想象#=中#=高,201712,1
36,544219377535,336875070888,从小爱吃的 热量也不高 考虑一直买lol,从小#=爱#=吃#=的#= #=热量#=也#=不#=高#= #=考虑#=一直#=买#=lol,201801,1
37,562370104180,336702478360,这个挺好的，可以使你的肠道更加通顺，挺好的，还会回购的，而且质量也特别不错，对减肥挺有效的，如果想更有效减肥就是加上迈开腿，加强运动，并坚持下去。清淡饮食，身体摄入的热量要小于消耗的热量，身体才会消耗囤积的脂肪，安全性高，可以从源头抑制脂肪的吸收，配合运动，效果显著。不错！不错,这个#=挺#=好#=的#=，#=可以#=使#=你#=的#=肠道#=更加#=通顺#=，#=挺#=好#=的#=，#=还会#=回购#=的#=，#=而且#=质量#=也#=特别#=不错#=，#=对#=减肥#=挺#=有效#=的#=，#=如果#=想#=更#=有效#=减肥#=就是#=加上#=迈开#=腿#=，#=加强#=运动#=，#=并#=坚持下去#=。#=清淡#=饮食#=，#=身体#=摄入#=的#=热量#=要#=小于#=消耗#=的#=热量#=，#=身体#=才#=会#=消耗#=囤积#=的#=脂肪#=，#=安全性#=高#=，#=可以#=从#=源头#=抑制#=脂肪#=的#=吸收#=，#=配合#=运动#=，#=效果显著#=。#=不错#=！#=不错,201801,1
38,549987671987,334492393230,虽然贵了点，不过真心好吃，非常浓郁的芝士味道，配着底层的焦糖糖浆，甜而不腻，要不是考虑到热量太高我能一口气把三个全吃掉。建议吃法：先用勺子或者叉子把上层的布丁搅碎，与底下的糖浆完全融合搅拌均匀。然后放在冰箱里冷藏一晚，这样布丁就完全吸收了焦糖糖浆，每一口都带着芝士的香浓和焦糖的微苦，比直接吃好吃一万倍！,虽然#=贵#=了#=点#=，#=不过#=真心#=好吃#=，#=非常#=浓郁#=的#=芝士#=味道#=，#=配着#=底层#=的#=焦糖#=糖浆#=，#=甜而不腻#=，#=要不是#=考虑#=到#=热量#=太高#=我#=能#=一口气#=把#=三个#=全#=吃掉#=。#=建议#=吃法#=：#=先#=用#=勺子#=或者#=叉子#=把#=上层#=的#=布丁#=搅碎#=，#=与#=底下#=的#=糖浆#=完全#=融合#=搅拌#=均匀#=。#=然后#=放在#=冰箱#=里#=冷藏#=一#=晚#=，#=这样#=布丁#=就#=完全#=吸收#=了#=焦糖#=糖浆#=，#=每#=一口#=都#=带#=着#=芝士#=的#=香浓#=和#=焦糖#=的#=微苦#=，#=比#=直接#=吃#=好吃#=一万倍#=！,201712,1
39,557297391999,336329064029,好吃得停不下嘴，热量又不高，真好！,好吃#=得#=停不下#=嘴#=，#=热量#=又#=不#=高#=，#=真#=好#=！,201801,1
40,548909890456,336692373346,hin好吃 热量也不是很高 非常划算啦,hin#=好吃#= #=热量#=也#=不是#=很#=高#= #=非常#=划算#=啦,201801,1
41,535005830081,341678364099,挺好的，就是椰子冻的热量太高了，不适合处于减肥,挺#=好#=的#=，#=就是#=椰子#=冻#=的#=热量#=太高#=了#=，#=不#=适合#=处于#=减肥,201802,1
42,557259819488,336957977500,最近又买了一堆零食！！今天吃了这个百草味的果冻，是桃子味哒超喜欢！！！里面还真的桃子果肉，桃味很浓很Q很多汁，吃这果冻感觉在吃桃子一样哈哈～而且果冻嘛，热量也不高，喜欢桃子味的可以买！,最近#=又#=买#=了#=一堆#=零食#=！#=！#=今天#=吃#=了#=这个#=百草#=味#=的#=果冻#=，#=是#=桃子#=味#=哒#=超#=喜欢#=！#=！#=！#=里面#=还#=真的#=桃子#=果肉#=，#=桃味#=很浓#=很#=Q#=很多#=汁#=，#=吃#=这#=果冻#=感觉#=在#=吃#=桃子#=一样#=哈哈#=～#=而且#=果冻#=嘛#=，#=热量#=也#=不#=高#=，#=喜欢#=桃子#=味#=的#=可以#=买#=！,201801,1
43,549987671987,339148932715,超级好吃！芝士味超级浓郁！尤其是要把下层的焦糖跟芝士混合在一起吃！就是热量太高,超级#=好吃#=！#=芝士#=味#=超级#=浓郁#=！#=尤其#=是#=要#=把#=下层#=的#=焦糖#=跟#=芝士#=混合#=在#=一起#=吃#=！#=就是#=热量#=太高,201801,1
44,555353891214,342513792239,比较划算的一款，吃两个月看看，不过为什么蓝莓味的比芒果味的热量高那么多,比较#=划算#=的#=一款#=，#=吃#=两个#=月#=看看#=，#=不过#=为什么#=蓝莓#=味#=的#=比#=芒果#=味#=的#=热量#=高#=那么#=多,201803,1
45,535005830081,341678364098,挺好的，就是椰子冻的热量太高了，不适合处于减肥期的女孩自吃,挺#=好#=的#=，#=就是#=椰子#=冻#=的#=热量#=太高#=了#=，#=不#=适合#=处于#=减肥#=期#=的#=女孩#=自吃,201802,1
46,546609370682,341788190183,很好吃，在火车上无聊吃了4盒，热量不高，降火又健康。  东西没问题，但是买天猫超市是为了时效性啊，结果三天才到，强烈建议天猫超市放弃和青旅物流合作。,很#=好吃#=，#=在#=火车#=上#=无聊#=吃#=了#=4#=盒#=，#=热量#=不高#=，#=降火#=又#=健康#=。#= #= #=东西#=没#=问题#=，#=但是#=买天#=猫#=超市#=是#=为了#=时效性#=啊#=，#=结果#=三天#=才#=到#=，#=强烈建议#=天猫#=超市#=放弃#=和#=青旅#=物流#=合作#=。,201803,1
47,565790397242,343666487384,收到啦试吃之后，效果还是不错的，味道也不错，之前吃热量高的食物，时间久了， 自然就形成脂肪堆积在体内啦，能清除肠道垃圾，排泄出去，不锻炼也不用担心长胖啦，很满意,收到#=啦#=试吃#=之后#=，#=效果#=还是#=不错#=的#=，#=味道#=也#=不错#=，#=之前#=吃#=热量#=高#=的#=食物#=，#=时间#=久#=了#=，#= #=自然#=就#=形成#=脂肪#=堆积#=在#=体内#=啦#=，#=能#=清除#=肠道#=垃圾#=，#=排泄#=出去#=，#=不#=锻炼#=也#=不用#=担心#=长胖#=啦#=，#=很#=满意,201803,1
48,537883752438,342597180747,很很好吃，跟日本买的味道一致，软软QQ的，特别有韧性，热量也不高，适合减肥期间食用！特别是蜜桃口味的和葡萄口味的最好吃，以后就认准这两种了！,很#=很#=好吃#=，#=跟#=日本#=买#=的#=味道#=一致#=，#=软软#=QQ#=的#=，#=特别#=有#=韧性#=，#=热量#=也#=不#=高#=，#=适合#=减肥#=期间#=食用#=！#=特别#=是#=蜜桃#=口味#=的#=和#=葡萄#=口味#=的#=最#=好吃#=，#=以后#=就#=认准#=这#=两种#=了#=！,201803,1
49,549447234453,344979105496,爱吃果冻又怕热量太高了，还好有垃柯酵素果冻，好吃又瘦身，每天两条肚子扁扁，全身轻松。,爱#=吃#=果冻#=又#=怕#=热量#=太高#=了#=，#=还好#=有#=垃柯#=酵素#=果冻#=，#=好吃#=又#=瘦身#=，#=每天#=两条#=肚子#=扁扁#=，#=全身#=轻松#=。,201804,1
50,546609370682,1002214444408,还没吃，热量不算高，味道怎么样还不知道,还#=没#=吃#=，#=热量#=不算#=高#=，#=味道#=怎么样#=还#=不#=知道,201805,1
51,540777173971,346111267831,便宜，好吃，买了一大堆。减肥吃。热量也不高。和此卖家交流，不由得精神为之一振，自觉七经八脉为之一畅，我在淘宝买了这么多年，所谓阅商无数，但与卖家您交流，我只想说，老板你实在是太好了，你的高尚情操太让人感动了，本人对此卖家之仰慕如滔滔江水连绵不绝，海枯石烂，天崩地裂，永不变心。,便宜#=，#=好吃#=，#=买#=了#=一大堆#=。#=减肥#=吃#=。#=热量#=也#=不#=高#=。#=和#=此#=卖家#=交流#=，#=不由得#=精神#=为之一振#=，#=自觉#=七经八脉#=为#=之一#=畅#=，#=我#=在#=淘宝#=买#=了#=这么#=多年#=，#=所谓#=阅商#=无数#=，#=但#=与#=卖家#=您#=交流#=，#=我#=只#=想#=说#=，#=老板#=你#=实在#=是#=太好了#=，#=你#=的#=高尚情操#=太#=让#=人#=感动#=了#=，#=本人#=对此#=卖家#=之#=仰慕#=如#=滔滔#=江水#=连绵不绝#=，#=海枯石烂#=，#=天崩地裂#=，#=永不变心#=。,201804,1
52,546363488809,346173916830,味道还不错。就是硬果冻的感觉，奶精加进去更甜一天没那么单调，拌着奶精和蜂蜜很甜，还有淡淡的桂花香。但是这个东西热量不高，还没一盒酸奶热量大，而且脂肪含量也不高。龟苓膏本身也适合女孩子吃。满意,味道#=还#=不错#=。#=就是#=硬#=果冻#=的#=感觉#=，#=奶精#=加进去#=更甜#=一天#=没#=那么#=单调#=，#=拌#=着#=奶精#=和#=蜂蜜#=很甜#=，#=还有#=淡淡的#=桂花香#=。#=但是#=这个#=东西#=热量#=不高#=，#=还#=没#=一盒#=酸奶#=热量#=大#=，#=而且#=脂肪#=含量#=也#=不#=高#=。#=龟苓膏#=本身#=也#=适合#=女孩子#=吃#=。#=满意,201804,1
53,43205207909,346530832037,好吃?很喜欢?两天就被我吃完了，还好热量不高，可以尽情享受，回购啦?,好吃#=?#=很#=喜欢#=?#=两天#=就#=被#=我#=吃#=完#=了#=，#=还好#=热量#=不高#=，#=可以#=尽情#=享受#=，#=回购#=啦#=?,201804,1
54,17798492685,1001725160974,清热去火，热量又不高，当作减脂期间的零食啦，还是不错的,清热#=去#=火#=，#=热量#=又#=不#=高#=，#=当作#=减脂#=期间#=的#=零食#=啦#=，#=还是#=不错#=的,201805,1
55,567104751992,346636343667,快递速度也很快，晚上拍下付款，第二天发货，不到三天就收到了，真是神速啊。这款酵素果冻成份纯天然的，无添加，不含热量高的蔗糖，只是果糖和木糖醇，吃起来口感甜而不腻，还有果汁成份，味道独特，和平时吃的果冻差不多，比那种还好吃呢，很满意。而且这款还带瘦身功能，真心不错的。,快递#=速度#=也#=很快#=，#=晚上#=拍#=下#=付款#=，#=第二天#=发货#=，#=不到#=三天#=就#=收到#=了#=，#=真是#=神速#=啊#=。#=这#=款#=酵素#=果冻#=成份#=纯天然#=的#=，#=无#=添加#=，#=不#=含#=热量#=高#=的#=蔗糖#=，#=只是#=果糖#=和#=木糖醇#=，#=吃#=起来#=口感#=甜而不腻#=，#=还有#=果汁#=成份#=，#=味道#=独特#=，#=和#=平时#=吃#=的#=果冻#=差不多#=，#=比#=那种#=还#=好吃#=呢#=，#=很#=满意#=。#=而且#=这款#=还#=带#=瘦身#=功能#=，#=真心#=不错#=的#=。,201804,1
56,544302996230,1001785067564,虽然守着公式过日子能让人们意识到吃进去的东西热量有多高，一盘红烧肉的热量足够吓醒某些装睡的减肥人，但是人体远比你想象得复杂，不是简单的加减就能把它算计的。当你靠饿自己来减肥时，身体会做出两种反应。一种是发送饿的信号给你，让你吃更多的东西；另一种是进入危机模式。这时，身体以为即将发生饥荒了，就降低呼吸、心跳、血液循环、眨眼睛等这些生命活动消耗的能量，保存足够的热量为以后的日子做打算。（这是从远古时候就形成的习惯，祖先饿怕了，你去怪祖先啊）一旦你持续节食，身体就会将每一口食物都转化成热量存储起来。,虽然#=守#=着#=公式#=过日子#=能#=让#=人们#=意识#=到#=吃#=进去#=的#=东西#=热量#=有#=多#=高#=，#=一盘#=红烧肉#=的#=热量#=足够#=吓醒#=某些#=装睡#=的#=减肥#=人#=，#=但是#=人体#=远比#=你#=想象#=得#=复杂#=，#=不是#=简单#=的#=加减#=就#=能#=把#=它#=算计#=的#=。#=当#=你#=靠#=饿#=自己#=来#=减肥#=时#=，#=身体#=会#=做出#=两种#=反应#=。#=一种#=是#=发送#=饿#=的#=信号#=给#=你#=，#=让#=你#=吃#=更#=多#=的#=东西#=；#=另#=一种#=是#=进入#=危机#=模式#=。#=这时#=，#=身体#=以为#=即将#=发生#=饥荒#=了#=，#=就#=降低#=呼吸#=、#=心跳#=、#=血液循环#=、#=眨眼睛#=等#=这些#=生命#=活动#=消耗#=的#=能量#=，#=保存#=足够#=的#=热量#=为#=以后#=的#=日子#=做#=打算#=。#=（#=这#=是从#=远古#=时候#=就#=形成#=的#=习惯#=，#=祖先#=饿怕#=了#=，#=你#=去#=怪#=祖先#=啊#=）#=一旦#=你#=持续#=节食#=，#=身体#=就#=会#=将#=每#=一口#=食物#=都#=转化成#=热量#=存储#=起来#=。,201805,1
57,525711104431,1001944946188,味道不错。就是热量太高。吃完的得胖几斤,味道#=不错#=。#=就是#=热量#=太高#=。#=吃#=完#=的#=得#=胖#=几斤,201805,1
58,549599979120,1002107262409,好吃啊 就是热量有点高～瞬间吃完了 凑字数凑字数凑字数凑字数凑字数凑字数凑字数凑字数凑字数凑字数凑字数凑字数凑字数凑字数凑字数凑字数凑字数凑字数凑字数凑字数凑字数凑字数凑字数凑字数凑字数凑字数凑字数凑字数凑字数凑字数凑字数凑字数凑字数凑字数凑字数凑字数凑字数凑字数凑字数凑字数凑字数凑字数凑字数凑字数凑字数凑字数凑字数凑字数凑字数凑字数凑字数凑字数凑字数凑字数凑字数凑字数,好吃#=啊#= #=就是#=热量#=有点#=高#=～#=瞬间#=吃#=完#=了#= #=凑#=字数#=凑#=字数#=凑#=字数#=凑#=字数#=凑#=字数#=凑#=字数#=凑#=字数#=凑#=字数#=凑#=字数#=凑#=字数#=凑#=字数#=凑#=字数#=凑#=字数#=凑#=字数#=凑#=字数#=凑#=字数#=凑#=字数#=凑#=字数#=凑#=字数#=凑#=字数#=凑#=字数#=凑#=字数#=凑#=字数#=凑#=字数#=凑#=字数#=凑#=字数#=凑#=字数#=凑#=字数#=凑#=字数#=凑#=字数#=凑#=字数#=凑#=字数#=凑#=字数#=凑#=字数#=凑#=字数#=凑#=字数#=凑#=字数#=凑#=字数#=凑#=字数#=凑#=字数#=凑#=字数#=凑#=字数#=凑#=字数#=凑#=字数#=凑#=字数#=凑#=字数#=凑#=字数#=凑#=字数#=凑#=字数#=凑#=字数#=凑#=字数#=凑#=字数#=凑#=字数#=凑#=字数#=凑#=字数#=凑#=字数,201805,1
59,537449033633,1002152693199,其实有点贵了  热量也比普通的龟苓膏偏高  还不如去超市买  ...,其实#=有点#=贵#=了#= #= #=热量#=也#=比#=普通#=的#=龟苓膏#=偏高#= #= #=还#=不如#=去#=超市#=买#= #= #=...,201805,1
60,553188705028,1003957233489,生产日期很近，口味挺好，是水果味的，只是热量有点高，适合早上吃。,生产日期#=很近#=，#=口味#=挺#=好#=，#=是#=水果#=味#=的#=，#=只是#=热量#=有点#=高#=，#=适合#=早上#=吃#=。,201805,1
61,564804608029,1002782234558,本来准备减肥过程中偶尔吃一个&hellip;&hellip;结果拿回来就吃了三包 还好热量不是很高。味道不错。,本来#=准备#=减肥#=过程#=中#=偶尔#=吃#=一个#=&#=hellip#=;#=&#=hellip#=;#=结果#=拿#=回来#=就#=吃#=了#=三包#= #=还好#=热量#=不是#=很#=高#=。#=味道#=不错#=。,201805,1
62,546232679026,1003161798496,我从来没见过红豆的价格这么低过，十九块八两盒还买一送一！折合一盒不到五块钱一盒，超市里这个五块多六块七块价格不等而且没见过打折呢！捡到大便宜了开心，一下买个上限八盒，因为真的爱吃真的好吃。不过对比原味儿龟苓膏热量有点小高,我#=从来#=没见#=过#=红豆#=的#=价格#=这么#=低过#=，#=十九块#=八#=两盒#=还#=买一送一#=！#=折合#=一盒#=不到#=五块#=钱#=一盒#=，#=超市#=里#=这个#=五块#=多#=六块#=七块#=价格#=不#=等#=而且#=没见#=过#=打折#=呢#=！#=捡#=到#=大#=便宜#=了#=开心#=，#=一下#=买个#=上限#=八盒#=，#=因为#=真的#=爱#=吃#=真的#=好吃#=。#=不过#=对比#=原#=味儿#=龟苓膏#=热量#=有点#=小高,201805,1
63,567260040920,1003279022630,第二次购买，之前已经用过了一个疗程了，使用期间没有感到什么不适的，就是每次排便的便量多了点其他也没什么，每天坚持使用我现在每天饮食都很注意了，热量高的食物都很少吃了，为了比上次效果更好我也是蛮拼的。到目前为止我已经瘦了13斤多了。,第二次#=购买#=，#=之前#=已经#=用过#=了#=一个#=疗程#=了#=，#=使用#=期间#=没有#=感到#=什么#=不适#=的#=，#=就是#=每次#=排便#=的#=便量#=多#=了#=点#=其他#=也#=没什么#=，#=每天#=坚持#=使用#=我#=现在#=每天#=饮食#=都#=很#=注意#=了#=，#=热量#=高#=的#=食物#=都#=很少#=吃#=了#=，#=为了#=比#=上次#=效果#=更好#=我#=也#=是#=蛮#=拼#=的#=。#=到#=目前为止#=我#=已经#=瘦#=了#=13#=斤#=多#=了#=。,201805,1
64,564804608029,1002748009887,一大包果冻呢，不仅热量低，味道也不错。而且活动的时候买的，性价比也高，喜欢。赞赞赞赞赞赞赞赞赞赞赞赞赞赞赞赞赞赞赞赞赞赞赞赞赞赞赞赞赞赞赞赞赞赞赞赞赞赞赞赞赞赞赞赞赞赞赞赞赞赞赞赞赞赞赞赞赞赞赞赞赞赞赞赞赞赞赞赞赞赞赞赞赞赞赞赞赞赞赞赞赞赞赞赞赞赞赞赞赞赞赞赞赞赞赞赞赞赞赞赞赞赞赞赞赞赞赞赞赞赞赞赞赞赞赞赞赞赞赞赞赞赞赞赞赞赞赞赞赞赞赞赞赞赞赞赞赞赞赞赞赞赞赞赞赞赞赞赞赞赞赞赞赞赞赞赞赞赞赞赞赞赞赞赞赞赞赞赞赞赞赞赞赞赞赞赞赞赞赞赞赞赞赞赞赞赞赞赞赞赞赞赞赞赞赞,一#=大包#=果冻#=呢#=，#=不仅#=热量#=低#=，#=味道#=也#=不错#=。#=而且#=活动#=的#=时候#=买#=的#=，#=性价比#=也#=高#=，#=喜欢#=。#=赞赞#=赞赞#=赞赞#=赞赞#=赞赞#=赞赞#=赞赞#=赞赞#=赞赞#=赞赞#=赞赞#=赞赞#=赞赞#=赞赞#=赞赞#=赞赞#=赞赞#=赞赞#=赞赞#=赞赞#=赞赞#=赞赞#=赞赞#=赞赞#=赞赞#=赞赞#=赞赞#=赞赞#=赞赞#=赞赞#=赞赞#=赞赞#=赞赞#=赞赞#=赞赞#=赞赞#=赞赞#=赞赞#=赞赞#=赞赞#=赞赞#=赞赞#=赞赞#=赞赞#=赞赞#=赞赞#=赞赞#=赞赞#=赞赞#=赞赞#=赞赞#=赞赞#=赞赞#=赞赞#=赞赞#=赞赞#=赞赞#=赞赞#=赞赞#=赞赞#=赞赞#=赞赞#=赞赞#=赞赞#=赞赞#=赞赞#=赞赞#=赞赞#=赞赞#=赞赞#=赞赞#=赞赞#=赞赞#=赞赞#=赞赞#=赞赞#=赞赞#=赞赞#=赞赞#=赞赞#=赞赞#=赞赞#=赞赞#=赞赞#=赞赞#=赞赞#=赞赞#=赞赞#=赞赞#=赞赞#=赞赞#=赞赞#=赞赞#=赞赞#=赞赞#=赞赞#=赞赞赞,201805,1
65,562046325367,1003954999664,收到我就吃了，看了一下热量也不是蛮高，我居然把它吃完了。,收到#=我#=就#=吃#=了#=，#=看#=了#=一下#=热量#=也#=不是#=蛮高#=，#=我#=居然#=把#=它#=吃#=完#=了#=。,201805,1
66,551615831196,1003966520952,魔芋果冻其本身其实是不具有减肥燃烧脂肪的效果，只是魔芋果冻本身热量低，脂肪和蛋白质含量极低，几乎可以忽略，而且其容易吸水膨胀，让食用的人产生饱腹感，从而减少对其他高脂肪食物的汲取，以达到减肥的效果，因此魔芋果冻其实算是可以起到减肥功效的食物。只是其没有什么营养，长期食用会让身体变得虚弱，所以要想减肥还是要适当食用一些有能量的食物，配合着少量吃一些魔芋果冻，使得身体摄取的热量在人体正常活动的范围内，再配合适当运动，既可保证健康，又可以保持身材。 刚买回来就吃了好几包，好吃！Q弹，味道不错！我还会再来的！发货物流都很快！,魔芋#=果冻#=其#=本身#=其实#=是#=不#=具有#=减肥#=燃烧#=脂肪#=的#=效果#=，#=只是#=魔芋#=果冻#=本身#=热量#=低#=，#=脂肪#=和#=蛋白质#=含量#=极低#=，#=几乎#=可以#=忽略#=，#=而且#=其#=容易#=吸水#=膨胀#=，#=让#=食用#=的#=人#=产生#=饱腹#=感#=，#=从而#=减少#=对#=其他#=高脂肪#=食物#=的#=汲取#=，#=以#=达到#=减肥#=的#=效果#=，#=因此#=魔芋#=果冻#=其实#=算是#=可以#=起到#=减肥#=功效#=的#=食物#=。#=只是#=其#=没有#=什么#=营养#=，#=长期#=食用#=会#=让#=身体#=变得#=虚弱#=，#=所以#=要#=想#=减肥#=还是#=要#=适当#=食用#=一些#=有#=能量#=的#=食物#=，#=配合#=着#=少量#=吃#=一些#=魔芋#=果冻#=，#=使得#=身体#=摄取#=的#=热量#=在#=人体#=正常#=活动#=的#=范围#=内#=，#=再#=配合#=适当#=运动#=，#=既#=可#=保证#=健康#=，#=又#=可以#=保持身材#=。#= #=刚#=买回来#=就#=吃#=了#=好#=几包#=，#=好吃#=！#=Q#=弹#=，#=味道#=不错#=！#=我#=还#=会#=再#=来#=的#=！#=发货#=物流#=都#=很快#=！,201805,1
67,36880373796,1003966872167,魔芋果冻其本身其实是不具有减肥燃烧脂肪的效果，只是魔芋果冻本身热量低，脂肪和蛋白质含量极低，几乎可以忽略，而且其容易吸水膨胀，让食用的人产生饱腹感，从而减少对其他高脂肪食物的汲取，以达到减肥的效果，因此魔芋果冻其实算是可以起到减肥功效的食物。只是其没有什么营养，长期食用会让身体变得虚弱，所以要想减肥还是要适当食用一些有能量的食物，配合着少量吃一些魔芋果冻，使得身体摄取的热量在人体正常活动的范围内，再配合适当运动，既可保证健康，又可以保持身材。 刚买回来就吃了好几包，好吃！Q弹，味道不错！我还会再来的！发货物流都很快！,魔芋#=果冻#=其#=本身#=其实#=是#=不#=具有#=减肥#=燃烧#=脂肪#=的#=效果#=，#=只是#=魔芋#=果冻#=本身#=热量#=低#=，#=脂肪#=和#=蛋白质#=含量#=极低#=，#=几乎#=可以#=忽略#=，#=而且#=其#=容易#=吸水#=膨胀#=，#=让#=食用#=的#=人#=产生#=饱腹#=感#=，#=从而#=减少#=对#=其他#=高脂肪#=食物#=的#=汲取#=，#=以#=达到#=减肥#=的#=效果#=，#=因此#=魔芋#=果冻#=其实#=算是#=可以#=起到#=减肥#=功效#=的#=食物#=。#=只是#=其#=没有#=什么#=营养#=，#=长期#=食用#=会#=让#=身体#=变得#=虚弱#=，#=所以#=要#=想#=减肥#=还是#=要#=适当#=食用#=一些#=有#=能量#=的#=食物#=，#=配合#=着#=少量#=吃#=一些#=魔芋#=果冻#=，#=使得#=身体#=摄取#=的#=热量#=在#=人体#=正常#=活动#=的#=范围#=内#=，#=再#=配合#=适当#=运动#=，#=既#=可#=保证#=健康#=，#=又#=可以#=保持身材#=。#= #=刚#=买回来#=就#=吃#=了#=好#=几包#=，#=好吃#=！#=Q#=弹#=，#=味道#=不错#=！#=我#=还#=会#=再#=来#=的#=！#=发货#=物流#=都#=很快#=！,201805,1
68,565816916585,1004050538683,首先要说，吸款的比小包的好吃！吸款比小包的好吃！吸款里面有很多果汁，基本上吸一口是既有蒟蒻又有果汁的状态，昨晚试了荔枝，果汁含量不够10，而且赏味期限到4月也很好吃。 然后小包的菠萝，蜜瓜有种浓浓的小时候吃便宜啫喱的即视感，不冷一下就吃就是回到解放前，草莓和猕猴桃稍好一点，但也有一点小时候的味道。西柚超级好吃！水蜜桃也不错，果汁含量越高越好吃，但热量也越高吧,首先#=要说#=，#=吸款#=的#=比#=小包#=的#=好吃#=！#=吸款#=比#=小包#=的#=好吃#=！#=吸款#=里面#=有#=很多#=果汁#=，#=基本上#=吸#=一口#=是#=既有#=蒟#=蒻#=又#=有#=果汁#=的#=状态#=，#=昨晚#=试#=了#=荔枝#=，#=果汁#=含量#=不够#=10#=，#=而且#=赏味#=期限#=到#=4#=月#=也#=很#=好吃#=。#= #=然后#=小包#=的#=菠萝#=，#=蜜瓜#=有种#=浓浓的#=小时候#=吃#=便宜#=啫喱#=的#=即#=视感#=，#=不冷#=一下#=就#=吃#=就是#=回到#=解放前#=，#=草莓#=和#=猕猴桃#=稍#=好#=一点#=，#=但#=也#=有#=一点#=小时候#=的#=味道#=。#=西柚#=超级#=好吃#=！#=水蜜桃#=也#=不错#=，#=果汁#=含量#=越高越#=好吃#=，#=但#=热量#=也#=越#=高#=吧,201805,1
69,13628167995,1004264451026,很少主动评价啦，不过确实挺好吃的，只不过热量还是蛮高,很少#=主动#=评价#=啦#=，#=不过#=确实#=挺好吃#=的#=，#=只不过#=热量#=还是#=蛮高,201805,1
70,556662636331,1004125270238,好吃，不是特别甜，热量也不算高，喜欢。,好吃#=，#=不是#=特别#=甜#=，#=热量#=也#=不算#=高#=，#=喜欢#=。,201805,1
71,557417705930,1007566571480,还不错，喜欢白桃味，热量不高，减肥期间也可以适当吃一点,还#=不错#=，#=喜欢#=白桃味#=，#=热量#=不高#=，#=减肥#=期间#=也#=可以#=适当#=吃#=一点,201806,1
72,565790397242,1004809856231,试吃之后，效果还是不错的，味道也不错，之前吃热量高的食物，时间久了， 自然就形成脂肪堆积在体内啦，能清除肠道垃圾，排泄出去，不锻炼也不用担心长胖啦，很满意,试吃#=之后#=，#=效果#=还是#=不错#=的#=，#=味道#=也#=不错#=，#=之前#=吃#=热量#=高#=的#=食物#=，#=时间#=久#=了#=，#= #=自然#=就#=形成#=脂肪#=堆积#=在#=体内#=啦#=，#=能#=清除#=肠道#=垃圾#=，#=排泄#=出去#=，#=不#=锻炼#=也#=不用#=担心#=长胖#=啦#=，#=很#=满意,201805,1
73,523243286327,1004970444762,挺好吃的，减肥期想吃果冻但热量太高，就用这个代替，没想到更好吃，还更健康，以后也吃这个了,挺好吃#=的#=，#=减肥#=期想#=吃#=果冻#=但#=热量#=太高#=，#=就#=用#=这个#=代替#=，#=没想到#=更#=好吃#=，#=还#=更#=健康#=，#=以后#=也#=吃#=这个#=了,201805,1
74,45181408847,1005983819610,物美价廉，趁搞活动买了8盒。夏天吃了降火，热量不高，晚上吃一盒减肥效果好,物美价廉#=，#=趁#=搞#=活动#=买#=了#=8#=盒#=。#=夏天#=吃#=了#=降火#=，#=热量#=不高#=，#=晚上#=吃#=一盒#=减肥#=效果#=好,201806,1
75,542121606781,1006156258214,【师师，主播推荐的零食都超级好吃，每天看她的直播都要买很多很多的零食，就算我现在在减肥他推荐的零食，而且热量也不是很高，白天吃一点都没关系对于我这个吃货的人来讲，又可以减肥，又可以吃美食是不是太完美了，马上就要过年了，现在每天都去看他的直播，她推荐很多很多的零食，买来可以过年慢慢吃了这全麦面包也是师师主播推荐的，他推荐的东西都很好吃好吃又便宜，自从看她直播开始每天都要买很多很多吃的用的,【#=师师#=，#=主播#=推荐#=的#=零食#=都#=超级#=好吃#=，#=每天#=看#=她#=的#=直播#=都#=要#=买#=很多很多#=的#=零食#=，#=就算#=我#=现在#=在#=减肥#=他#=推荐#=的#=零食#=，#=而且#=热量#=也#=不是#=很#=高#=，#=白天#=吃#=一点#=都#=没关系#=对于#=我#=这个#=吃货#=的#=人#=来讲#=，#=又#=可以#=减肥#=，#=又#=可以#=吃#=美食#=是不是#=太#=完美#=了#=，#=马上#=就要#=过年#=了#=，#=现在#=每天#=都#=去#=看#=他#=的#=直播#=，#=她#=推荐#=很多很多#=的#=零食#=，#=买来#=可以#=过年#=慢慢#=吃#=了#=这#=全麦#=面包#=也#=是#=师师#=主播#=推荐#=的#=，#=他#=推荐#=的#=东西#=都#=很#=好吃#=好吃#=又#=便宜#=，#=自从#=看#=她#=直播#=开始#=每天#=都#=要#=买#=很多很多#=吃#=的#=用#=的,201806,1
76,36880373796,1006535211619,魔芋果冻其本身其实是不具有减肥燃烧脂肪的效果，只是魔芋果冻本身热量低，脂肪和蛋白质含量极低，几乎可以忽略，而且其容易吸水膨胀，让食用的人产生饱腹感，从而减少对其他高脂肪食物的汲取，以达到减肥的效果，因此魔芋果冻其实算是可以起到减肥功效的食物。只是其没有什么营养，长期食用会让身体变得虚弱，所以要想减肥还是要适当食用一些有能量的食物，配合着少量吃一些魔芋果冻，使得身体摄取的热量在人体正常活动的范围内，再配合适当运动，既可保证健康，又可以保持身材。 刚买回来就吃了好几包，好吃！Q弹，味道不错！我还会再来的！发货物流都很快！,魔芋#=果冻#=其#=本身#=其实#=是#=不#=具有#=减肥#=燃烧#=脂肪#=的#=效果#=，#=只是#=魔芋#=果冻#=本身#=热量#=低#=，#=脂肪#=和#=蛋白质#=含量#=极低#=，#=几乎#=可以#=忽略#=，#=而且#=其#=容易#=吸水#=膨胀#=，#=让#=食用#=的#=人#=产生#=饱腹#=感#=，#=从而#=减少#=对#=其他#=高脂肪#=食物#=的#=汲取#=，#=以#=达到#=减肥#=的#=效果#=，#=因此#=魔芋#=果冻#=其实#=算是#=可以#=起到#=减肥#=功效#=的#=食物#=。#=只是#=其#=没有#=什么#=营养#=，#=长期#=食用#=会#=让#=身体#=变得#=虚弱#=，#=所以#=要#=想#=减肥#=还是#=要#=适当#=食用#=一些#=有#=能量#=的#=食物#=，#=配合#=着#=少量#=吃#=一些#=魔芋#=果冻#=，#=使得#=身体#=摄取#=的#=热量#=在#=人体#=正常#=活动#=的#=范围#=内#=，#=再#=配合#=适当#=运动#=，#=既#=可#=保证#=健康#=，#=又#=可以#=保持身材#=。#= #=刚#=买回来#=就#=吃#=了#=好#=几包#=，#=好吃#=！#=Q#=弹#=，#=味道#=不错#=！#=我#=还#=会#=再#=来#=的#=！#=发货#=物流#=都#=很快#=！,201806,1
77,553188705028,1007033218422,刚开始抱着试试的心态，吃过一段时间之后感觉挺不错的，一直都在吃。最喜欢的是当中加了蜜蜂口味，吃起来跟果冻一样。热量不高，不会像其他蛋白果冻一样吃了怕胖，可以放心吃哦。,刚#=开始#=抱#=着#=试试#=的#=心态#=，#=吃#=过#=一段时间#=之后#=感觉#=挺不错#=的#=，#=一直#=都#=在#=吃#=。#=最#=喜欢#=的#=是#=当中#=加#=了#=蜜蜂#=口味#=，#=吃#=起来#=跟#=果冻#=一样#=。#=热量#=不高#=，#=不会#=像#=其他#=蛋白#=果冻#=一样#=吃#=了#=怕#=胖#=，#=可以#=放心#=吃#=哦#=。,201806,1
78,566802964204,1005965287409,除了热量高其他还不错，据说燕麦的肥肠好吃，期待,除了#=热量#=高#=其他#=还#=不错#=，#=据说#=燕麦#=的#=肥肠#=好吃#=，#=期待,201806,1
79,565530142853,1006098583416,去年去冲绳的时候买过两包组合装的觉得还不错就来这里回购了，像果冻一样水果味很足，热量也不高，馋的时候来一袋也不会有负担，都很好吃😋,去年#=去#=冲绳#=的#=时候#=买过#=两包#=组合装#=的#=觉得#=还#=不错#=就#=来#=这里#=回购#=了#=，#=像#=果冻#=一样#=水果#=味#=很#=足#=，#=热量#=也#=不#=高#=，#=馋#=的#=时候#=来#=一袋#=也#=不会#=有#=负担#=，#=都#=很#=好吃#=😋,201806,1
80,549128344152,1008014345035,含糖量太高，热量高,含糖量#=太高#=，#=热量#=高,201806,1
81,557650114058,1007794890230,有5种味道，个数没数过但是应该不会缺斤少两。味道还行，个人觉得有点点甜，果冻里还有椰果。热量也不算很高，减肥党表示还能接受。物流挺快的，快递没有很暴力我觉得非常满意了。希望之后有别的新味道出来吧，价格还是挺实惠的了，推荐购买,有#=5#=种#=味道#=，#=个数#=没数#=过#=但是#=应该#=不会#=缺斤少两#=。#=味道#=还#=行#=，#=个人#=觉得#=有#=点点#=甜#=，#=果冻#=里#=还有#=椰果#=。#=热量#=也#=不算#=很#=高#=，#=减肥#=党#=表示#=还#=能#=接受#=。#=物流#=挺快#=的#=，#=快递#=没有#=很#=暴力#=我#=觉得#=非常#=满意#=了#=。#=希望#=之后#=有#=别的#=新#=味道#=出来#=吧#=，#=价格#=还是#=挺#=实惠#=的#=了#=，#=推荐#=购买,201806,1
82,557123357073,1008173609142,在日本吃上瘾了，非常好吃，热量不高，适合做零食,在#=日本#=吃#=上瘾#=了#=，#=非常#=好吃#=，#=热量#=不高#=，#=适合#=做#=零食,201806,1
83,558038852699,1008173609143,在日本吃上瘾了，非常好吃，热量不高，适合做零食,在#=日本#=吃#=上瘾#=了#=，#=非常#=好吃#=，#=热量#=不高#=，#=适合#=做#=零食,201806,1
84,569711592722,1008871519035,挺好吃的，热量也不高。,挺好吃#=的#=，#=热量#=也#=不#=高#=。,201807,1
85,44623772148,1008694128753,挺好吃的呢，朋友推荐的。热量也不是很高，当甜品来吃，跟烧仙草差不多。放在冰箱冷藏室每天都想吃一碗。又下了一单了。,挺好吃#=的#=呢#=，#=朋友#=推荐#=的#=。#=热量#=也#=不是#=很#=高#=，#=当#=甜品#=来#=吃#=，#=跟#=烧#=仙草#=差不多#=。#=放在#=冰箱#=冷藏室#=每天#=都#=想#=吃#=一碗#=。#=又#=下#=了#=一单#=了#=。,201807,1
86,545171779123,1008715963002,服用了一段时间了呢，自己也瘦了12斤，真的没有出现任何的不舒服的感觉的，自己之前的时候也会吃那种比较热量高的食物的，现在就会听从营养师的建议不吃这些东西了，而且也会每天晚上都出去稍微运动下的，产品也是正品的，减肥也是要慢慢的来的，不是那种一下子就能瘦下来很多,服用#=了#=一段时间#=了#=呢#=，#=自己#=也#=瘦#=了#=12#=斤#=，#=真的#=没有#=出现#=任何#=的#=不#=舒服#=的#=感觉#=的#=，#=自己#=之前#=的#=时候#=也#=会#=吃#=那种#=比较#=热量#=高#=的#=食物#=的#=，#=现在#=就#=会#=听从#=营养师#=的#=建议#=不吃#=这些#=东西#=了#=，#=而且#=也#=会#=每天晚上#=都#=出去#=稍微#=运动#=下#=的#=，#=产品#=也#=是#=正品#=的#=，#=减肥#=也#=是#=要#=慢慢#=的#=来#=的#=，#=不是#=那种#=一下子#=就#=能#=瘦下来#=很多,201807,1
87,539059062435,1008995915258,还不错、热量高不高不知道，但是吃起来和别的果冻味道一样，还是很不错的、适合拿来减肥时候打牙祭，看着能量表消除心理压力😃😃😃😂😂😂😂😃😂☑️😃😃☑️😃😃😂🤣😄😂😃😂😃😄🙂☺️😃😂🤣😃🤣☺️😂☺️😂😂🙃🙂🙃🤣😂🙃😗🙃,还#=不错#=、#=热量#=高不高#=不#=知道#=，#=但是#=吃#=起来#=和#=别的#=果冻#=味道#=一样#=，#=还是#=很#=不错#=的#=、#=适合#=拿来#=减肥#=时候#=打牙祭#=，#=看着#=能量#=表#=消除#=心理压力#=😃#=😃#=😃#=😂#=😂#=😂#=😂#=😃#=😂#=☑#=️#=😃#=😃#=☑#=️#=😃#=😃#=😂#=🤣#=😄#=😂#=😃#=😂#=😃#=😄#=🙂#=☺#=️#=😃#=😂#=🤣#=😃#=🤣#=☺#=️#=😂#=☺#=️#=😂#=😂#=🙃#=🙂#=🙃#=🤣#=😂#=🙃#=😗#=🙃,201807,1
88,564458013180,1008994054581,还没有尝，打算当减肥零食，热量不高非常好,还#=没有#=尝#=，#=打算#=当#=减肥#=零食#=，#=热量#=不高#=非常#=好,201807,1
89,546232679026,1009188512849,回购款，减肥人员也可以吃，热量不高！关键是好吃😋,回购#=款#=，#=减肥#=人员#=也#=可以#=吃#=，#=热量#=不高#=！#=关键#=是#=好吃#=😋,201807,1
90,564640031522,1009168955284,618买的实在太实惠 两套才一百来块 买一送一 菊花味略微有点苦 黑白的还挺甜的 热量也不高 解馋清热去火必备良药啊,618#=买#=的#=实在#=太#=实惠#= #=两套#=才#=一百#=来块#= #=买一送一#= #=菊花#=味#=略微#=有点#=苦#= #=黑白#=的#=还#=挺#=甜#=的#= #=热量#=也#=不#=高#= #=解馋#=清热#=去#=火#=必备良药#=啊,201807,1
91,564558582369,1009168955285,618买的实在太实惠 两套才一百来块 买一送一 菊花味略微有点苦 黑白的还挺甜的 热量也不高 解馋清热去火必备良药啊,618#=买#=的#=实在#=太#=实惠#= #=两套#=才#=一百#=来块#= #=买一送一#= #=菊花#=味#=略微#=有点#=苦#= #=黑白#=的#=还#=挺#=甜#=的#= #=热量#=也#=不#=高#= #=解馋#=清热#=去#=火#=必备良药#=啊,201807,1
92,571444374195,1009291364864,看起来不错！~~~应该挺好吃的~热量不高，放冰箱可以当做下午茶点~~~~解暑还是挺好,看起来#=不错#=！#=~#=~#=~#=应该#=挺好吃#=的#=~#=热量#=不高#=，#=放#=冰箱#=可以#=当做#=下午#=茶点#=~#=~#=~#=~#=解暑#=还是#=挺#=好,201807,1
93,570757134792,1009230230531,超好吃 而且热量也不高 还蛮喜欢的,超#=好吃#= #=而且#=热量#=也#=不#=高#= #=还#=蛮#=喜欢#=的,201807,1
94,546232679026,1009281779680,这款是我最爱，有点类似烧仙草。热量不高，适合减肥人员！,这款#=是#=我#=最#=爱#=，#=有点#=类似#=烧#=仙草#=。#=热量#=不高#=，#=适合#=减肥#=人员#=！,201807,1
95,569645693797,1010019682089,烧仙草收到了，挺好吃，热量不高，挺适合解暑,烧#=仙草#=收到#=了#=，#=挺好吃#=，#=热量#=不高#=，#=挺#=适合#=解暑,201807,1
96,569451049220,1009511725731,卖家不能再赞了，我是一个比较懒的人。买东西几乎都是自动好评。极少评价。但是对于这种好卖家，真是忍不住要多少两句。首先自己是个愿意精打细算的吃货。家里零食从来都跟口粮一样，是不能断的。卖家的食品虽然临期，但是有好多都还有好几个月，价格是真的十分的划算，正价五折都不止。只花了一百多块，就买了两大包零食。控制一下食欲，够吃上一阵子。因为毕竟甜食热量高，还是得注意下对体重的影响哈。再就是包装，每一件都包装严实，规规整整。就连薯条，威化，曲奇饼干这样稀碎的食品都好好的，一点没有破碎。觉得太感动了，快递的速度也是超级给力，从上海到哈尔滨只用了3天。对于吃货来说，这绝对是一家可以无限回购的店铺，强推强推。,卖家#=不能#=再赞#=了#=，#=我#=是#=一个#=比较#=懒#=的#=人#=。#=买#=东西#=几乎#=都#=是#=自动#=好评#=。#=极少#=评价#=。#=但是#=对于#=这种#=好#=卖家#=，#=真是#=忍不住#=要#=多少#=两句#=。#=首先#=自己#=是#=个#=愿意#=精打细算#=的#=吃货#=。#=家里#=零食#=从来#=都#=跟#=口粮#=一样#=，#=是#=不能#=断#=的#=。#=卖家#=的#=食品#=虽然#=临期#=，#=但是#=有#=好多#=都#=还有#=好几个#=月#=，#=价格#=是#=真的#=十分#=的#=划算#=，#=正价#=五折#=都#=不止#=。#=只花#=了#=一百多块#=，#=就#=买#=了#=两#=大包#=零食#=。#=控制#=一下#=食欲#=，#=够吃#=上#=一阵子#=。#=因为#=毕竟#=甜食#=热量#=高#=，#=还是#=得#=注意#=下#=对#=体重#=的#=影响#=哈#=。#=再就是#=包装#=，#=每一件#=都#=包装#=严实#=，#=规规#=整整#=。#=就#=连#=薯条#=，#=威化#=，#=曲奇饼#=干#=这样#=稀碎#=的#=食品#=都#=好好#=的#=，#=一点#=没有#=破碎#=。#=觉得#=太#=感动#=了#=，#=快递#=的#=速度#=也#=是#=超级#=给力#=，#=从#=上海#=到#=哈尔滨#=只用#=了#=3#=天#=。#=对于#=吃货#=来说#=，#=这#=绝对#=是#=一家#=可以#=无限#=回购#=的#=店铺#=，#=强推#=强推#=。,201807,1
97,544892287554,1009726544079,超好吃超好吃的布丁，加上了草莓酱之后爽到爆啊，不过就是热量超高的，建议吃完去锻炼,超#=好吃#=超#=好吃#=的#=布丁#=，#=加上#=了#=草莓酱#=之后#=爽到#=爆#=啊#=，#=不过#=就是#=热量#=超高#=的#=，#=建议#=吃#=完去#=锻炼,201807,1
98,565820136216,1010021670686,很好吃，热量不高。,很#=好吃#=，#=热量#=不高#=。,201807,1
99,546396041268,1011116502923,"好吃的，蜂蜜是另外给的，不加蜂蜜热量低，喜欢。质量非常好，与卖家描述的完全一致，非常满意,真的很喜欢，完全超出期望值，发货速度非常快，包装非常仔细、严实，物流公司服务态度很好，运送速度很快，很满意的一次购物，里面蜂蜜的热量还是挺高的。！","好吃#=的#=，#=蜂蜜#=是#=另外#=给#=的#=，#=不#=加#=蜂蜜#=热量#=低#=，#=喜欢#=。#=质量#=非常#=好#=，#=与#=卖家#=描述#=的#=完全一致#=，#=非常#=满意#=,#=真的#=很#=喜欢#=，#=完全#=超出#=期望值#=，#=发货#=速度#=非常#=快#=，#=包装#=非常#=仔细#=、#=严实#=，#=物流#=公司#=服务态度#=很#=好#=，#=运送#=速度#=很快#=，#=很#=满意#=的#=一次#=购物#=，#=里面#=蜂蜜#=的#=热量#=还是#=挺#=高#=的#=。#=！",201807,1
100,546232679026,1010334414888,好吃！给炼乳对我来说甜度就够了，热量也不高，夏天可以替代下想吃冰淇淋的心//下面的文字都是为了凑字数复制黏贴的，我一般也会认真写评价，但是凑够字数真的好难呀，而且我以前根本不知道凑字数是有用的，emmm，连凑字数我都不知道该说什么好...再贴句歌词吧：秉持心气，何惧远方，人间一趟，看看太阳！,好吃#=！#=给#=炼乳#=对#=我#=来说#=甜度#=就够#=了#=，#=热量#=也#=不#=高#=，#=夏天#=可以#=替代#=下想#=吃#=冰淇淋#=的#=心#=/#=/#=下面#=的#=文字#=都#=是#=为了#=凑#=字数#=复制#=黏贴#=的#=，#=我#=一般#=也#=会#=认真#=写#=评价#=，#=但是#=凑够#=字数#=真的#=好难#=呀#=，#=而且#=我#=以前#=根本#=不#=知道#=凑#=字数#=是#=有用#=的#=，#=emmm#=，#=连#=凑#=字数#=我#=都#=不#=知道#=该#=说#=什么#=好#=...#=再#=贴句#=歌词#=吧#=：#=秉持#=心气#=，#=何惧#=远方#=，#=人间#=一趟#=，#=看看#=太阳#=！,201807,1
101,531926814852,1010461927937,赠送的。不错。热量不高。,赠送#=的#=。#=不错#=。#=热量#=不高#=。,201807,1
102,569645693797,1013548284695,热量不高，放冰箱可以当做下午茶点,热量#=不高#=，#=放#=冰箱#=可以#=当做#=下午#=茶点,201808,1
103,569706075421,1011356193167,这个好吃啊，还不担心热量高,这个#=好吃#=啊#=，#=还#=不#=担心#=热量#=高,201807,1
104,567035533541,1011577144567,龟苓膏很好吃，爽口下火，燕麦饼干口感略微有点甜，但是质感细腻，没有粗糙的感觉，饿的时候可以放心的拿来充饥又不担心摄入热量过高，真空包装真的还蛮严实的，不错不错。,龟苓膏#=很#=好吃#=，#=爽口#=下火#=，#=燕麦#=饼干#=口感#=略微#=有点#=甜#=，#=但是#=质感#=细腻#=，#=没有#=粗糙#=的#=感觉#=，#=饿#=的#=时候#=可以#=放心#=的#=拿来#=充饥#=又#=不#=担心#=摄入#=热量#=过高#=，#=真空包装#=真的#=还#=蛮#=严实#=的#=，#=不错#=不错#=。,201807,1
105,556125509454,1011741107864,第二次买了，热量不算高，吃了能不能败火不知道，口感不错，比单纯吃果冻健康多了,第二次#=买#=了#=，#=热量#=不算#=高#=，#=吃#=了#=能#=不能#=败火#=不#=知道#=，#=口感#=不错#=，#=比#=单纯#=吃#=果冻#=健康#=多#=了,201807,1
106,44566038539,1011997588723,夏天吃还是很好吃的，爽爽的口感很好，热量不高也健康，夏天零食必备,夏天#=吃#=还是#=很#=好吃#=的#=，#=爽爽#=的#=口感#=很#=好#=，#=热量#=不高#=也#=健康#=，#=夏天#=零食#=必备,201807,1
107,570930800804,1012508554248,很好吃 但是热量高,很#=好吃#= #=但是#=热量#=高,201808,1
108,569756942018,1013406913463,我也瘦了快有十斤了把，真的没有出现任何的不舒服的感觉的，自己之前的时候也会吃那种比较热量高的食物的，现在就会听从客服的建议不吃这些东西了，而且也会每天晚上都出去稍微运动下的，产品也是正品的，减肥也是要慢慢的来的，不是那种一下子就能瘦下来很多的事情的，自己也可以瘦下来的。,我#=也#=瘦#=了#=快#=有#=十斤#=了#=把#=，#=真的#=没有#=出现#=任何#=的#=不#=舒服#=的#=感觉#=的#=，#=自己#=之前#=的#=时候#=也#=会#=吃#=那种#=比较#=热量#=高#=的#=食物#=的#=，#=现在#=就#=会#=听从#=客服#=的#=建议#=不吃#=这些#=东西#=了#=，#=而且#=也#=会#=每天晚上#=都#=出去#=稍微#=运动#=下#=的#=，#=产品#=也#=是#=正品#=的#=，#=减肥#=也#=是#=要#=慢慢#=的#=来#=的#=，#=不是#=那种#=一下子#=就#=能#=瘦下来#=很多#=的#=事情#=的#=，#=自己#=也#=可以#=瘦下来#=的#=。,201808,1
109,45181408847,1012113867173,很好吃，热量还不高，很好的减肥期间甜品,很#=好吃#=，#=热量#=还#=不#=高#=，#=很#=好#=的#=减肥#=期间#=甜品,201807,1
110,573106019007,1012124972817,喜欢吃，热量低，就是太少了，日本的零食价格高东西少。,喜欢#=吃#=，#=热量#=低#=，#=就是#=太少#=了#=，#=日本#=的#=零食#=价格#=高#=东西#=少#=。,201808,1
111,565820136216,1012334974585,买了四包，店家买送了一包软糖。放了一包进冰箱里，挺好吃的！而且活动价格超级划算。软糖也超级好吃。看了描述没有脂肪，热量也不高，作为一个减肥又馋零食的人，简直就是福音啦！下次还回来的！忘了说，客服态度也超级好的,买#=了#=四包#=，#=店家#=买#=送#=了#=一包#=软糖#=。#=放#=了#=一包#=进#=冰箱#=里#=，#=挺好吃#=的#=！#=而且#=活动#=价格#=超级#=划算#=。#=软糖#=也#=超级#=好吃#=。#=看#=了#=描述#=没有#=脂肪#=，#=热量#=也#=不#=高#=，#=作为#=一个#=减肥#=又#=馋#=零食#=的#=人#=，#=简直#=就是#=福音#=啦#=！#=下次#=还#=回来#=的#=！#=忘#=了#=说#=，#=客服#=态度#=也#=超级#=好#=的,201808,1
112,564429647621,1012467751544,最喜欢生和堂的龟苓膏。奶香红豆很好吃。怕甜的朋友可以酌量放那个蜂蜜果汁水，整个热量也不是很高。很适合减重期间解解馋。也很适合夏天来吃。咳咳咳咳咳咳咳咳。买了很多放在冰箱冷藏室里。比常温要好吃很多。,最#=喜欢#=生和堂#=的#=龟苓膏#=。#=奶香#=红豆#=很#=好吃#=。#=怕#=甜#=的#=朋友#=可以#=酌量#=放#=那个#=蜂蜜#=果汁#=水#=，#=整个#=热量#=也#=不是#=很#=高#=。#=很#=适合#=减重#=期间#=解解馋#=。#=也#=很#=适合#=夏天#=来#=吃#=。#=咳咳#=咳#=咳#=咳#=咳#=咳#=咳#=。#=买#=了#=很多#=放在#=冰箱#=冷藏室#=里#=。#=比#=常温#=要#=好吃#=很多#=。,201808,1
113,544208456123,1013173700685,蜜豆包直播间推荐的，有5种口味混合包，Q弹爽滑，解馋热量也不会太高，对于胖纸馋嘴族来说是不错的选择。个人比较喜欢菠萝和苹果口味的，酸角味也不错，挺特别的😋,蜜#=豆包#=直播间#=推荐#=的#=，#=有#=5#=种#=口味#=混合#=包#=，#=Q#=弹#=爽滑#=，#=解馋#=热量#=也#=不会#=太高#=，#=对于#=胖纸#=馋嘴#=族#=来说#=是#=不错#=的#=选择#=。#=个人#=比较#=喜欢#=菠萝#=和#=苹果#=口味#=的#=，#=酸角味#=也#=不错#=，#=挺#=特别#=的#=😋,201808,1
114,559522723282,1013294039605,是看在这个果冻热量不高才买的，既然热量不高那肯定的味道挺清淡，好吃的，减肥的妹子看过来,是#=看#=在#=这个#=果冻#=热量#=不高#=才#=买#=的#=，#=既然#=热量#=不高#=那#=肯定#=的#=味道#=挺#=清淡#=，#=好吃#=的#=，#=减肥#=的#=妹子#=看#=过来,201808,1
115,559522723282,1013294039606,商家用的顺丰，挺快的哈，一天就到了。味道清爽。热量不高，所以我买了，挺好吃，,商家#=用#=的#=顺丰#=，#=挺快#=的#=哈#=，#=一天#=就#=到#=了#=。#=味道#=清爽#=。#=热量#=不高#=，#=所以#=我#=买#=了#=，#=挺好吃#=，,201808,1
116,573546194818,1014199021853,还没吃，挺小的一根，热量也不高，我感觉可以一下子吃好几根啊！,还#=没#=吃#=，#=挺#=小#=的#=一根#=，#=热量#=也#=不#=高#=，#=我#=感觉#=可以#=一下子#=吃#=好几根#=啊#=！,201808,1
117,539059062435,1013639875468,挺好吃的，果汁味口感好。因为挺甜的，说是零卡吃着觉得慌，不过普通果冻热量也不高，吃过一两个解解馋挺不错，减肥食物真的不好好吃，得加点零嘴,挺好吃#=的#=，#=果汁#=味#=口感#=好#=。#=因为#=挺#=甜#=的#=，#=说#=是#=零卡#=吃#=着#=觉得#=慌#=，#=不过#=普通#=果冻#=热量#=也#=不#=高#=，#=吃#=过#=一两个#=解解馋#=挺不错#=，#=减肥#=食物#=真的#=不好#=好吃#=，#=得#=加点#=零嘴,201808,1
118,562980825775,1013683005807,吃着玩买的，小小的五袋，夏天偶尔口渴或者犯馋吃一颗，热量不高又能哄一下嘴，不错。,吃#=着#=玩#=买#=的#=，#=小小的#=五袋#=，#=夏天#=偶尔#=口渴#=或者#=犯#=馋#=吃#=一颗#=，#=热量#=不高#=又#=能#=哄#=一下#=嘴#=，#=不错#=。,201808,1
119,565820136216,1014029000845,活动的时候买的，价格很优惠，一小箱4袋混合口味的果冻收到了，没有评论中说的送软糖，有点失望，据说冷藏下更好吃，看了描述说没有脂肪，热量也不高，先囤着吧,活动#=的#=时候#=买#=的#=，#=价格#=很#=优惠#=，#=一小#=箱#=4#=袋#=混合#=口味#=的#=果冻#=收到#=了#=，#=没有#=评论#=中说#=的#=送#=软糖#=，#=有点#=失望#=，#=据说#=冷藏#=下#=更#=好吃#=，#=看#=了#=描述#=说#=没有#=脂肪#=，#=热量#=也#=不#=高#=，#=先#=囤#=着#=吧,201808,1
120,545171779123,1014416484006,办公室久坐，典型的下半身比较胖的，人也比较懒，回到家基本上都是瘫在沙发上的状态，本身每天也要喝咖啡的，如果能减肥还能提神更好，但是目前减肥效果是有的，五六天了吧，减了有三四斤，提神貌似并不能；减肥开始，饭就变成吃饱不吃撑了，哈哈，每次吃饭的时候都特别注意，反复的问自己吃饱了没有，千万别吃撑，哎，活了二十几年，自己竟然把吃饱和吃撑都有点分不清了，油腻的几乎不吃了，清淡为主吧，太甜和热量高的暂时都不在碰了。行不行，这个周期结束再来评价。,办公室#=久坐#=，#=典型#=的#=下半身#=比较#=胖#=的#=，#=人#=也#=比较#=懒#=，#=回到#=家#=基本上#=都#=是#=瘫#=在#=沙发#=上#=的#=状态#=，#=本身#=每天#=也#=要#=喝咖啡#=的#=，#=如果#=能#=减肥#=还#=能#=提神#=更好#=，#=但是#=目前#=减肥#=效果#=是#=有#=的#=，#=五六天#=了#=吧#=，#=减#=了#=有#=三四斤#=，#=提神#=貌似#=并#=不能#=；#=减肥#=开始#=，#=饭#=就#=变成#=吃饱#=不吃#=撑#=了#=，#=哈哈#=，#=每次#=吃饭#=的#=时候#=都#=特别#=注意#=，#=反复#=的#=问#=自己#=吃饱#=了#=没有#=，#=千万别#=吃#=撑#=，#=哎#=，#=活#=了#=二十几年#=，#=自己#=竟然#=把#=吃#=饱和#=吃#=撑#=都#=有点#=分不清#=了#=，#=油腻#=的#=几乎#=不吃#=了#=，#=清淡#=为主#=吧#=，#=太甜#=和#=热量#=高#=的#=暂时#=都#=不#=在#=碰#=了#=。#=行不行#=，#=这个#=周期#=结束#=再#=来#=评价#=。,201808,1
121,554956703891,1014693084105,为了减肥买的，热量还是有的，有点贵。蛮好蛮好，和此卖家交流，不由得精神为之一振，自觉七经八脉为之一畅，我在淘宝打滚这么多年，所谓阅人无数，与您交流我只想说：亲，你实在是太好了!你的高风亮节太让人感动了!本人对卖家之仰慕如滔滔江水连绵不绝，海枯石烂、天崩地裂，永不变心。交易成功后，我的心情竟是久久不能平静 还好,为了#=减肥#=买#=的#=，#=热量#=还是#=有#=的#=，#=有点#=贵#=。#=蛮#=好#=蛮#=好#=，#=和#=此#=卖家#=交流#=，#=不由得#=精神#=为之一振#=，#=自觉#=七经八脉#=为#=之一#=畅#=，#=我#=在#=淘宝#=打滚#=这么#=多年#=，#=所谓#=阅人#=无数#=，#=与#=您#=交流#=我#=只#=想#=说#=：#=亲#=，#=你#=实在#=是#=太好了#=!#=你#=的#=高风亮节#=太#=让#=人#=感动#=了#=!#=本人#=对#=卖家#=之#=仰慕#=如#=滔滔#=江水#=连绵不绝#=，#=海枯石烂#=、#=天崩地裂#=，#=永不变心#=。#=交易#=成功#=后#=，#=我#=的#=心情#=竟是#=久久#=不能平静#= #=还好,201808,1
122,566617104269,1014472612526,用的全脂奶粉，不是生牛乳，热量高,用#=的#=全脂奶粉#=，#=不是#=生#=牛乳#=，#=热量#=高,201808,1
123,554956703891,1014693084106,为了减肥买的，热量还是有的，有点贵。蛮好蛮好，和此卖家交流，不由得精神为之一振，自觉七经八脉为之一畅，我在淘宝打滚这么多年，所谓阅人无数，与您交流我只想说：亲，你实在是太好了!你的高风亮节太让人感动了!本人对卖家之仰慕如滔滔江水连绵不绝，海枯石烂、天崩地裂，永不变心。交易成功后，我的心情竟是久久不能平静,为了#=减肥#=买#=的#=，#=热量#=还是#=有#=的#=，#=有点#=贵#=。#=蛮#=好#=蛮#=好#=，#=和#=此#=卖家#=交流#=，#=不由得#=精神#=为之一振#=，#=自觉#=七经八脉#=为#=之一#=畅#=，#=我#=在#=淘宝#=打滚#=这么#=多年#=，#=所谓#=阅人#=无数#=，#=与#=您#=交流#=我#=只#=想#=说#=：#=亲#=，#=你#=实在#=是#=太好了#=!#=你#=的#=高风亮节#=太#=让#=人#=感动#=了#=!#=本人#=对#=卖家#=之#=仰慕#=如#=滔滔#=江水#=连绵不绝#=，#=海枯石烂#=、#=天崩地裂#=，#=永不变心#=。#=交易#=成功#=后#=，#=我#=的#=心情#=竟是#=久久#=不能平静,201808,1
124,554956703891,1014693084107,为了减肥买的，热量还是有的，有点贵。蛮好蛮好，和此卖家交流，不由得精神为之一振，自觉七经八脉为之一畅，我在淘宝打滚这么多年，所谓阅人无数，与您交流我只想说：亲，你实在是太好了!你的高风亮节太让人感动了!本人对卖家之仰慕如滔滔江水连绵不绝，海枯石烂、天崩地裂，永不变心。交易成功后，我的心情竟是久久不能平静,为了#=减肥#=买#=的#=，#=热量#=还是#=有#=的#=，#=有点#=贵#=。#=蛮#=好#=蛮#=好#=，#=和#=此#=卖家#=交流#=，#=不由得#=精神#=为之一振#=，#=自觉#=七经八脉#=为#=之一#=畅#=，#=我#=在#=淘宝#=打滚#=这么#=多年#=，#=所谓#=阅人#=无数#=，#=与#=您#=交流#=我#=只#=想#=说#=：#=亲#=，#=你#=实在#=是#=太好了#=!#=你#=的#=高风亮节#=太#=让#=人#=感动#=了#=!#=本人#=对#=卖家#=之#=仰慕#=如#=滔滔#=江水#=连绵不绝#=，#=海枯石烂#=、#=天崩地裂#=，#=永不变心#=。#=交易#=成功#=后#=，#=我#=的#=心情#=竟是#=久久#=不能平静,201808,1
125,44883346577,1014858420686,卖家发货很快，包装也很结实。龟苓膏很好吃，热量又不高，是平时休闲的好零食。养生又养人，吃完还会再来买,卖家#=发货#=很快#=，#=包装#=也#=很#=结实#=。#=龟苓膏#=很#=好吃#=，#=热量#=又#=不#=高#=，#=是#=平时#=休闲#=的#=好#=零食#=。#=养生#=又#=养人#=，#=吃#=完#=还#=会#=再#=来#=买,201808,1
126,44566038539,1015005351249,卖家发货很快，包装也很结实。龟苓膏很好吃，热量又不高，是平时休闲的好零食。养生又养人，吃完还会再来买,卖家#=发货#=很快#=，#=包装#=也#=很#=结实#=。#=龟苓膏#=很#=好吃#=，#=热量#=又#=不#=高#=，#=是#=平时#=休闲#=的#=好#=零食#=。#=养生#=又#=养人#=，#=吃#=完#=还#=会#=再#=来#=买,201808,1
127,565569688340,1015520205384,感觉是真的，和之前吃的味道差不多，很好吃，热量不是很高，减肥的时候吃着玩吧啊啊啊啊啊啊啊啊啊啊啊啊啊啊啊啊啊啊啊啊啊啊啊啊啊啊啊啊啊啊所以我顺利进行您说这个明星 Dior vs 卡谁地名一种西宁给你找您粕哦婆婆一起,感觉#=是#=真的#=，#=和#=之前#=吃#=的#=味道#=差不多#=，#=很#=好吃#=，#=热量#=不是#=很#=高#=，#=减肥#=的#=时候#=吃#=着#=玩吧#=啊啊啊#=啊啊啊#=啊啊啊#=啊啊啊#=啊啊啊#=啊啊啊#=啊啊啊#=啊啊啊#=啊啊啊#=啊啊啊#=所以#=我#=顺利进行#=您#=说#=这个#=明星#= #=Dior#= #=vs#= #=卡#=谁#=地名#=一种#=西宁#=给#=你#=找#=您#=粕#=哦#=婆婆#=一起,201809,1
128,572285488128,1015162495301,还不错，清清淡淡的，感觉热量也不高！,还#=不错#=，#=清清#=淡淡的#=，#=感觉#=热量#=也#=不#=高#=！,201808,1
129,561594710582,1015405417377,送朋友的礼物，包装很少女，主要是看中了果冻热量应该不高，送正在减肥的女生刚刚好，味道朋友说还不错，但没有多说，可能没有芝士那么好吃吧，在果冻里已经算不错了,送#=朋友#=的#=礼物#=，#=包装#=很#=少女#=，#=主要#=是#=看中#=了#=果冻#=热量#=应该#=不高#=，#=送#=正在#=减肥#=的#=女生#=刚刚#=好#=，#=味道#=朋友#=说#=还#=不错#=，#=但#=没有#=多#=说#=，#=可能#=没有#=芝士#=那么#=好吃#=吧#=，#=在#=果冻#=里#=已经#=算#=不错#=了,201809,1
130,566882161567,1015777863178,好吃，热量不高。吃完再买,好吃#=，#=热量#=不高#=。#=吃#=完#=再#=买,201809,1
131,574036080443,1015758448894,姐姐介绍来的，感觉效果还是比较满意的，这段时间一直坚持吃下来，体重也比下降了13.2斤，感觉身上的肉真的比原来少了很多，感觉腿比以前瘦了不少了，肚子上的肉也没有以前那么多了，服用这段时间也没感觉到什么难受之类的反应，平时我也就是正常的吃饭，我平时就少吃零食，注意少吃热量高的东西，现在对产品还是满意的！,姐姐#=介绍#=来#=的#=，#=感觉#=效果#=还是#=比较满意#=的#=，#=这#=段时间#=一直#=坚持#=吃#=下来#=，#=体重#=也#=比#=下降#=了#=13.2#=斤#=，#=感觉#=身上#=的#=肉#=真的#=比#=原来#=少#=了#=很多#=，#=感觉#=腿#=比#=以前#=瘦#=了#=不少#=了#=，#=肚子#=上#=的#=肉#=也#=没有#=以前#=那么#=多#=了#=，#=服用#=这#=段时间#=也#=没#=感觉#=到#=什么#=难受#=之类#=的#=反应#=，#=平时#=我#=也#=就是#=正常#=的#=吃饭#=，#=我#=平时#=就#=少#=吃零食#=，#=注意#=少#=吃#=热量#=高#=的#=东西#=，#=现在#=对#=产品#=还是#=满意#=的#=！,201809,1
132,3638083156,1016410925553,第二次购买了，很好吃，放冰箱里，下班回来吃一盒，好爽啊。热量不高，不胖人，解暑除湿太好了,第二次#=购买#=了#=，#=很#=好吃#=，#=放#=冰箱#=里#=，#=下班#=回来#=吃#=一盒#=，#=好爽#=啊#=。#=热量#=不高#=，#=不#=胖人#=，#=解暑#=除湿#=太好了,201809,1
133,572686152022,1017503175665,物流很给力，基本上是隔日达。果冻很好吃，里面还有大颗的椰果果肉。热量也不算高，减肥期间偶尔解解馋不错哈哈哈哈。,物流#=很#=给#=力#=，#=基本上#=是#=隔日#=达#=。#=果冻#=很#=好吃#=，#=里面#=还有#=大颗#=的#=椰果#=果肉#=。#=热量#=也#=不算#=高#=，#=减肥#=期间#=偶尔#=解解馋#=不错#=哈哈哈哈#=。,201809,1
134,566647614720,1017207292964,很好，一直在吃，也有效果，一天啦一次，吃热量高的东西也不怕,很#=好#=，#=一直#=在#=吃#=，#=也#=有#=效果#=，#=一天#=啦#=一次#=，#=吃#=热量#=高#=的#=东西#=也#=不怕,201809,1
135,532597355919,1017333059793,"鹅组推荐来的！超级好吃而且热量也不高 饿的时候吃还没有什么负罪感哈哈哈哈～质量非常好，与卖家描述的完全一致，非常满意,真的很喜欢，完全超出期望值，发货速度非常快，包装非常仔细、严实，物流公司服务态度很好，运送速度很快，很满意的一次购物","鹅组#=推荐#=来#=的#=！#=超级#=好吃#=而且#=热量#=也#=不#=高#= #=饿#=的#=时候#=吃#=还#=没有#=什么#=负罪感#=哈哈哈哈#=～#=质量#=非常#=好#=，#=与#=卖家#=描述#=的#=完全一致#=，#=非常#=满意#=,#=真的#=很#=喜欢#=，#=完全#=超出#=期望值#=，#=发货#=速度#=非常#=快#=，#=包装#=非常#=仔细#=、#=严实#=，#=物流#=公司#=服务态度#=很#=好#=，#=运送#=速度#=很快#=，#=很#=满意#=的#=一次#=购物",201809,1
136,557417705930,1017483857196,跟有些这种果冻差不多，个人感觉稍微有点甜了，热量不高 也算不了什么了！,跟#=有些#=这种#=果冻#=差不多#=，#=个人感觉#=稍微#=有点#=甜#=了#=，#=热量#=不高#= #=也#=算不了#=什么#=了#=！,201809,1
137,15116106661,1016544511767,小鱼仔一如既往的好吃，成功安利给了家人，小面包很甜很甜，是越吃越上瘾，但热量高，在胖和美食之间来回纠结，布丁口感特别棒，这三个是我最爱了,小鱼#=仔#=一如既往#=的#=好吃#=，#=成功#=安利#=给#=了#=家人#=，#=小面包#=很甜#=很甜#=，#=是#=越#=吃#=越#=上瘾#=，#=但#=热量#=高#=，#=在#=胖#=和#=美食#=之间#=来回#=纠结#=，#=布丁#=口感#=特别#=棒#=，#=这#=三个#=是#=我#=最#=爱#=了,201809,1
138,44566038539,1017189524850,特别好吃，热量还挺高的,特别#=好吃#=，#=热量#=还#=挺#=高#=的,201809,1
139,565530142853,1017401627188,感觉有点小啊，不太划算，也不太好吃，现在只能期待热量不高,感觉#=有点#=小#=啊#=，#=不太#=划算#=，#=也#=不#=太#=好吃#=，#=现在#=只能#=期待#=热量#=不高,201809,1
140,569393464712,1018967086481,好吃，热量也不算高，可以,好吃#=，#=热量#=也#=不算#=高#=，#=可以,201810,1
141,552716349251,1018761766752,特别好吃！一点点甜，口感不错热量不高，日常零食必备！,特别#=好吃#=！#=一点点#=甜#=，#=口感#=不错#=热量#=不高#=，#=日常#=零食#=必备#=！,201809,1
142,520954329211,1017676394919,小宝很喜欢吃猴姑饼干，香香酥酥脆脆的。百草味的心机月饼很好吃的，就是热量太高了，不敢多吃。百草味的焦糖瓜子颗粒够大，也挺饱满的。还有好多各种各样的零食，巧妈妈的鸡蛋布丁啊，山楂卷啊，鸡蛋干啊，海苔薄饼&hellip;&hellip;就不一一评价了。湿纸巾很厚实，护舒宝的液体卫生巾也很好用,小宝#=很#=喜欢#=吃#=猴姑#=饼干#=，#=香香酥酥#=脆脆#=的#=。#=百草#=味#=的#=心机#=月饼#=很#=好吃#=的#=，#=就是#=热量#=太高#=了#=，#=不敢#=多#=吃#=。#=百草#=味#=的#=焦糖#=瓜子#=颗粒#=够#=大#=，#=也#=挺#=饱满#=的#=。#=还有#=好多#=各种各样#=的#=零食#=，#=巧#=妈妈#=的#=鸡蛋#=布丁#=啊#=，#=山楂#=卷#=啊#=，#=鸡蛋#=干#=啊#=，#=海苔#=薄饼#=&#=hellip#=;#=&#=hellip#=;#=就#=不#=一一#=评价#=了#=。#=湿纸巾#=很#=厚实#=，#=护舒宝#=的#=液体#=卫生巾#=也#=很#=好#=用,201809,1
143,577821922463,1018312602378,好大一包，小时候的味道，果冻里还有果肉，吃起来挺好吃，不腻，嗯，专门搜了，热量也不高，适合减肥。挺实在的，,好大#=一包#=，#=小时候#=的#=味道#=，#=果冻#=里#=还有#=果肉#=，#=吃#=起来#=挺好吃#=，#=不腻#=，#=嗯#=，#=专门#=搜#=了#=，#=热量#=也#=不#=高#=，#=适合#=减肥#=。#=挺#=实在#=的#=，,201809,1
144,557957723670,1018349573398,纤维蒟蒻果冻，白桃味清甜爽口，热量也不高，很好。,纤维#=蒟#=蒻#=果冻#=，#=白桃味#=清甜#=爽口#=，#=热量#=也#=不#=高#=，#=很#=好#=。,201809,1
145,549673997055,1019005994595,从同学那里吃到的 很有效果 这次就自己购入了 吃热量高或者太多的时候会在饭后吃一袋 真的对我的便秘有很大缓解,从#=同学#=那里#=吃#=到#=的#= #=很#=有#=效果#= #=这次#=就#=自己#=购入#=了#= #=吃#=热量#=高#=或者#=太多#=的#=时候#=会#=在#=饭后#=吃#=一袋#= #=真的#=对#=我#=的#=便秘#=有#=很大#=缓解,201810,1
146,552555560012,1021324268394,下午茶组合，低热量，芒果口味让人很有幸福感。性价比很高，还会再来买。下午茶组合，低热量，芒果口味让人很有幸福感。性价比很高，还会再来买。下午茶组合，低热量，芒果口味让人很有幸福感。性价比很高，还会再来买,下午茶#=组合#=，#=低热量#=，#=芒果#=口味#=让#=人#=很#=有#=幸福感#=。#=性价比#=很#=高#=，#=还会#=再#=来#=买#=。#=下午茶#=组合#=，#=低热量#=，#=芒果#=口味#=让#=人#=很#=有#=幸福感#=。#=性价比#=很#=高#=，#=还会#=再#=来#=买#=。#=下午茶#=组合#=，#=低热量#=，#=芒果#=口味#=让#=人#=很#=有#=幸福感#=。#=性价比#=很#=高#=，#=还会#=再#=来#=买,201810,1
147,564516362462,1020208917956,真的没橙子味&hellip;味道超级淡，单吃不好吃，减肥嘛正常😂。不过就是要开发嘛😂&hellip;可以把它倒在碗里，弄成小块或者一整块都可以，碗里撒上奶粉，或者果汁的粉，我是美达施喝不完直接用了，然后晃~~一点点就可以都沾上，不用担心热量高~~或者把它切成小块，自己在家做甜点，替代烧仙草，上面放上红豆椰果牛奶之类，不过这个热量就要高一点了，不会瘦但是起码不会胖太多还有满足感😂，就酱😂,真的#=没#=橙子#=味#=&#=hellip#=;#=味道#=超级#=淡#=，#=单吃#=不#=好吃#=，#=减肥#=嘛#=正常#=😂#=。#=不过#=就是#=要#=开发#=嘛#=😂#=&#=hellip#=;#=可以#=把#=它#=倒#=在#=碗#=里#=，#=弄#=成小块#=或者#=一整块#=都#=可以#=，#=碗#=里#=撒#=上#=奶粉#=，#=或者#=果汁#=的#=粉#=，#=我#=是#=美达#=施喝#=不#=完#=直接#=用#=了#=，#=然后#=晃#=~#=~#=一点点#=就#=可以#=都#=沾#=上#=，#=不用#=担心#=热量#=高#=~#=~#=或者#=把#=它#=切成#=小#=块#=，#=自己#=在家#=做#=甜点#=，#=替代#=烧#=仙草#=，#=上面#=放#=上#=红豆#=椰果#=牛奶#=之类#=，#=不过#=这个#=热量#=就要#=高#=一点#=了#=，#=不会#=瘦#=但是#=起码#=不会#=胖太多#=还有#=满足感#=😂#=，#=就#=酱#=😂,201810,1
148,575345336835,1019428728521,比较甜 热量却也不高 好评,比较#=甜#= #=热量#=却#=也#=不#=高#= #=好评,201810,1
149,539794047409,1020118823948,好吃好吃！热量不高又没有很甜，很喜欢！,好吃#=好吃#=！#=热量#=不高#=又#=没有#=很甜#=，#=很#=喜欢#=！,201810,1
150,570758354292,1021063607834,十一买了一大堆，路上回家吃的～主要是价格优惠，还有折扣，下面还要评论够字数，也不知道说什么，现在健康的零食还是太少了，热量又高对身体的负担还大～但是健康的零食一般味道都不好，选择吃什么现在真是越来越难了。猫超的速度和品质都是杠杠滴，好评！好评！好评！好评！好评！好评！好评！好评！好评！好评！好评！好评！好评！好评！好评！好评！好评！,十一#=买#=了#=一大堆#=，#=路上#=回家#=吃#=的#=～#=主要#=是#=价格#=优惠#=，#=还有#=折扣#=，#=下面#=还要#=评论#=够#=字数#=，#=也#=不#=知道#=说#=什么#=，#=现在#=健康#=的#=零食#=还是#=太少#=了#=，#=热量#=又#=高#=对#=身体#=的#=负担#=还#=大#=～#=但是#=健康#=的#=零食#=一般#=味道#=都#=不好#=，#=选择#=吃#=什么#=现在#=真是#=越来越#=难#=了#=。#=猫超#=的#=速度#=和#=品质#=都#=是#=杠杠#=滴#=，#=好评#=！#=好评#=！#=好评#=！#=好评#=！#=好评#=！#=好评#=！#=好评#=！#=好评#=！#=好评#=！#=好评#=！#=好评#=！#=好评#=！#=好评#=！#=好评#=！#=好评#=！#=好评#=！#=好评#=！,201810,1
151,571486464221,1021721609154,物流非常快，点赞。热量不高，一小袋15kcal，非常好吃又解馋，超级棒。买了一堆微博上推荐的低卡零食，最后发现好多完全不低。。。。。幸好发现了这个果冻，吃起来没负担，一定会回购的零食之一。还是喜欢大包拆成一个小袋一个小袋的这种，会回购。,物流#=非常#=快#=，#=点赞#=。#=热量#=不高#=，#=一#=小袋#=15kcal#=，#=非常#=好吃#=又#=解馋#=，#=超级#=棒#=。#=买#=了#=一堆#=微博上#=推荐#=的#=低卡#=零食#=，#=最后#=发现#=好多#=完全#=不低#=。#=。#=。#=。#=。#=幸好#=发现#=了#=这个#=果冻#=，#=吃#=起来#=没#=负担#=，#=一定#=会#=回购#=的#=零食#=之一#=。#=还是#=喜欢#=大包#=拆成#=一个#=小袋#=一个#=小袋#=的#=这种#=，#=会#=回购#=。,201810,1
152,561904808571,1021443981597,挺好吃的，这个东西我觉得还不错啊，哦，冰冻之后更好吃，可以用来夏天解暑而且有时候想吃冰的东西，这个嚼起来就很方便，热量又不会很高,挺好吃#=的#=，#=这个#=东西#=我#=觉得#=还#=不错#=啊#=，#=哦#=，#=冰冻#=之后#=更#=好吃#=，#=可以#=用来#=夏天#=解暑#=而且#=有时候#=想#=吃#=冰#=的#=东西#=，#=这个#=嚼#=起来#=就#=很#=方便#=，#=热量#=又#=不会#=很#=高,201810,1
153,40882162836,1021692731875,好吃的零食，养生热量也不会很高，个人更喜欢红豆味的,好吃#=的#=零食#=，#=养生#=热量#=也#=不会#=很#=高#=，#=个人#=更#=喜欢#=红豆#=味#=的,201810,1
154,570452128537,1022292963645,很赞，很心水的一款龟苓膏，你可以用它来做零食，也可以用它来做代餐。低热量。但是甜甜的高满足。体验和奶茶不相上下，但是卡路里比奶茶低很多，对减肥的女孩儿来说比较友好。,很赞#=，#=很心水#=的#=一款#=龟苓膏#=，#=你#=可以#=用#=它#=来#=做#=零食#=，#=也#=可以#=用#=它#=来#=做代餐#=。#=低热量#=。#=但是#=甜甜的#=高#=满足#=。#=体验#=和#=奶茶#=不相上下#=，#=但是#=卡路里#=比#=奶茶#=低#=很多#=，#=对#=减肥#=的#=女孩儿#=来说#=比较#=友好#=。,201810,1
155,557417705930,1022061111841,好甜哦！送的果冻也好甜！感觉吃了会更胖。口感嘛，比较软，跟那些喜之郎果冻之类的不一样。反正我还是觉得热量挺高的。用的是德邦物流 居然要4天才到。其他快递基本都是三天。想减肥，或者想着吃了没那么重罪恶感的话。还是别买这个了。至于是不是正品，我不知道，因为我也是第一次买。,好#=甜#=哦#=！#=送#=的#=果冻#=也好#=甜#=！#=感觉#=吃#=了#=会#=更#=胖#=。#=口感#=嘛#=，#=比较#=软#=，#=跟#=那些#=喜之郎#=果冻#=之类#=的#=不#=一样#=。#=反正#=我#=还是#=觉得#=热量#=挺#=高#=的#=。#=用#=的#=是#=德邦#=物流#= #=居然#=要#=4#=天才#=到#=。#=其他#=快递#=基本#=都#=是#=三天#=。#=想#=减肥#=，#=或者#=想着#=吃#=了#=没#=那么#=重#=罪恶感#=的话#=。#=还是#=别买#=这个#=了#=。#=至于#=是不是#=正品#=，#=我#=不#=知道#=，#=因为#=我#=也#=是#=第一次#=买#=。,201810,1
156,544329657500,1025175653205,用了优惠券比较划算，不然价格偏贵，毕竟是小杯的，不止大小，果肉含量也不一样。减肥期间用来解馋，热量不算太高，糖分有点高,用#=了#=优惠券#=比较#=划算#=，#=不然#=价格#=偏贵#=，#=毕竟#=是#=小杯#=的#=，#=不止#=大小#=，#=果肉#=含量#=也#=不#=一样#=。#=减肥#=期间#=用来#=解馋#=，#=热量#=不算#=太高#=，#=糖分#=有点#=高,201811,1
157,569393464712,1022354403464,太划算了，小孩也挺喜欢吃的，热量又不高,太#=划算#=了#=，#=小孩#=也#=挺#=喜欢#=吃#=的#=，#=热量#=又#=不#=高,201810,1
158,570680948478,1023250126837,面包很好吃，里面的夹心很香😁，对于减肥人士来说热量也不高，下次继续回购，而且做的很漂亮😊,面包#=很#=好吃#=，#=里面#=的#=夹心#=很香#=😁#=，#=对于#=减肥#=人士#=来说#=热量#=也#=不#=高#=，#=下次#=继续#=回购#=，#=而且#=做#=的#=很漂亮#=😊,201811,1
159,572446359195,1023250126838,面包很好吃，里面的夹心很香😁，对于减肥人士来说热量也不高，下次继续回购，而且做的很漂亮😊,面包#=很#=好吃#=，#=里面#=的#=夹心#=很香#=😁#=，#=对于#=减肥#=人士#=来说#=热量#=也#=不#=高#=，#=下次#=继续#=回购#=，#=而且#=做#=的#=很漂亮#=😊,201811,1
160,574369786022,1024099464577,此款宝贝很好喝，然后热量也不是很高，跟一般的龟苓膏相比的话味道更加的好。,此款#=宝贝#=很#=好喝#=，#=然后#=热量#=也#=不是#=很#=高#=，#=跟#=一般#=的#=龟苓膏#=相比#=的话#=味道#=更加#=的#=好#=。,201811,1
161,579433535394,1023450018035,宝贝味道不错，有效果！！我一般都是饭前吃，平时喜欢吃零食，热量高容易胖。现在配合控制饮食，吃了5天，瘦了5.6斤，而且肠胃舒服，排便也顺畅了，还会回购的！,宝贝#=味道#=不错#=，#=有#=效果#=！#=！#=我#=一般#=都#=是#=饭前#=吃#=，#=平时#=喜欢#=吃零食#=，#=热量#=高#=容易#=胖#=。#=现在#=配合#=控制#=饮食#=，#=吃#=了#=5#=天#=，#=瘦#=了#=5.6#=斤#=，#=而且#=肠胃#=舒服#=，#=排便#=也#=顺畅#=了#=，#=还会#=回购#=的#=！,201811,1
162,579136055076,1024230009042,喝了几次以后前来评价 首先这个味道酸酸甜甜的真的很棒，个人最喜欢咖啡 然后关于粉末摇不开这个问题，比如175ml牛奶加175ml水的吃法，先放牛奶然后加代餐粉摇匀（很容易的！）然后再加水就可以了，个人用那种透明袋的奶一袋180ml的很方便 最后其实全脂奶的话热量还是挺高的（500大卡有余），于是订了脱脂奶（不知道能不能沏开），如果没有追评那就是能沏开 最后祝自己越来越瘦quq千万不能再贪嘴了！,喝#=了#=几次#=以后#=前来#=评价#= #=首先#=这个#=味道#=酸酸甜甜#=的#=真的#=很棒#=，#=个人#=最#=喜欢#=咖啡#= #=然后#=关于#=粉末#=摇不开#=这个#=问题#=，#=比如#=175ml#=牛奶#=加#=175ml#=水#=的#=吃法#=，#=先放#=牛奶#=然后#=加代餐#=粉#=摇匀#=（#=很#=容易#=的#=！#=）#=然后#=再#=加水#=就#=可以#=了#=，#=个人#=用#=那种#=透明#=袋#=的#=奶#=一袋#=180ml#=的#=很#=方便#= #=最后#=其实#=全脂#=奶#=的话#=热量#=还是#=挺#=高#=的#=（#=500#=大卡#=有余#=）#=，#=于是#=订#=了#=脱脂奶#=（#=不#=知道#=能#=不能#=沏开#=）#=，#=如果#=没有#=追评#=那#=就是#=能#=沏#=开#= #=最后#=祝#=自己#=越来越#=瘦#=quq#=千万#=不能#=再#=贪嘴#=了#=！,201811,1
163,577594374850,1024446266496,口感好，但是热量高，我教练建议我不要吃,口感#=好#=，#=但是#=热量#=高#=，#=我#=教练#=建议#=我#=不要#=吃,201811,1
164,557650114058,1025133158570,吃完才发现热量颇高，也是醉了,吃#=完才#=发现#=热量#=颇#=高#=，#=也#=是#=醉#=了,201811,1
165,557259819488,1027075723556,好吃 最近减肥 其他果脯都不敢吃 买坚果的时候不甘心的在店里又转了转 发现这个的热量不高 可以当加餐的小零食吃 就买了一盒试试哈哈哈哈 感觉很不错 打开盒子桃子的香味很诱人了 解了馋 还不担心热量,好吃#= #=最近#=减肥#= #=其他#=果脯#=都#=不敢#=吃#= #=买#=坚果#=的#=时候#=不#=甘心#=的#=在#=店里#=又#=转#=了#=转#= #=发现#=这个#=的#=热量#=不高#= #=可以#=当#=加餐#=的#=小#=零食#=吃#= #=就#=买#=了#=一盒#=试试#=哈哈哈哈#= #=感觉#=很#=不错#= #=打开#=盒子#=桃子#=的#=香味#=很#=诱人#=了#= #=解了#=馋#= #=还#=不#=担心#=热量,201812,1
166,571339962781,1025203458760,之前吃过荔枝味道的很喜欢。很好吃，热量也不高。下面是一个好评模版，不要看了，接下来都是废话。质量好，与卖家描述的完全一致，非常满意，完全超出期望值，发货速度非常快，包装非常仔细、严实，物流公司服务态度很好，运送速度也很快。,之前#=吃#=过#=荔枝#=味道#=的#=很#=喜欢#=。#=很#=好吃#=，#=热量#=也#=不#=高#=。#=下面#=是#=一个#=好评#=模版#=，#=不要#=看#=了#=，#=接下来#=都#=是#=废话#=。#=质量#=好#=，#=与#=卖家#=描述#=的#=完全一致#=，#=非常#=满意#=，#=完全#=超出#=期望值#=，#=发货#=速度#=非常#=快#=，#=包装#=非常#=仔细#=、#=严实#=，#=物流#=公司#=服务态度#=很#=好#=，#=运送#=速度#=也#=很快#=。,201811,1
167,557297391999,1025269054587,终于收到我需要的宝贝了，东西很好，价美物廉，谢谢掌柜的！说实在，无论是掌柜的态度还是对物品，我都非常满意的。掌柜态度很专业热情，无限回购！我觉得好吃！热量也不高 吃的时候没这么多负罪感哈哈哈哈 卖家服务也好，双十一晚上这么忙都帮我改邮费，快递也挺快的,终于#=收到#=我#=需要#=的#=宝贝#=了#=，#=东西#=很#=好#=，#=价美物廉#=，#=谢谢#=掌柜的#=！#=说#=实在#=，#=无论是#=掌柜的#=态度#=还是#=对#=物品#=，#=我#=都#=非常#=满意#=的#=。#=掌柜#=态度#=很#=专业#=热情#=，#=无限#=回购#=！#=我#=觉得#=好吃#=！#=热量#=也#=不#=高#= #=吃#=的#=时候#=没#=这么#=多#=负罪感#=哈哈哈哈#= #=卖家#=服务#=也好#=，#=双十#=一#=晚上#=这么#=忙#=都#=帮#=我#=改#=邮费#=，#=快递#=也#=挺快#=的,201811,1
168,574055008625,1025228476406,好吃，和日本买的一样！和国内的果冻口感不一样！很弹的感觉，味道丰富，热量不高，大爱这个果冻,好吃#=，#=和#=日本#=买#=的#=一样#=！#=和#=国内#=的#=果冻#=口感#=不#=一样#=！#=很弹#=的#=感觉#=，#=味道#=丰富#=，#=热量#=不高#=，#=大爱#=这个#=果冻,201811,1
169,572285488128,1025470750471,很好喝 很满意 双十一价格也很实惠 本来热量挺低的但是感觉里面乱七八糟的调料加一堆可能热量就高了 喝完以后能直接打饱嗝 饱腹感很强 后悔双十一没有再多买两箱 不过因为是在学校多买了那么多快递也不方便带回去 下次如果还有活动的话会再回购的 自我安慰这个很健康很低卡不会长胖不会长胖,很#=好喝#= #=很#=满意#= #=双十#=一#=价格#=也#=很#=实惠#= #=本来#=热量#=挺#=低#=的#=但是#=感觉#=里面#=乱七八糟#=的#=调料#=加#=一堆#=可能#=热量#=就#=高#=了#= #=喝完#=以后#=能#=直接#=打#=饱嗝#= #=饱腹#=感#=很#=强#= #=后悔#=双十#=一#=没有#=再#=多#=买#=两箱#= #=不过#=因为#=是#=在#=学校#=多#=买#=了#=那么#=多#=快递#=也#=不#=方便#=带回去#= #=下次#=如果#=还有#=活动#=的话#=会#=再#=回购#=的#= #=自我安慰#=这个#=很#=健康#=很#=低卡#=不会#=长胖#=不会#=长胖,201811,1
170,523791777629,1027314725297,请问。这个跟普通果冻，有多大区别。 推荐大家买普通果冻吧&hellip;&hellip;热量也没高多少&hellip;&hellip; 50卡路里4倍的价格&hellip;&hellip;性价比不高 在这家店买了很多东西1000，多了 良心评价,请问#=。#=这个#=跟#=普通#=果冻#=，#=有#=多#=大#=区别#=。#= #=推荐#=大家#=买#=普通#=果冻#=吧#=&#=hellip#=;#=&#=hellip#=;#=热量#=也#=没高#=多少#=&#=hellip#=;#=&#=hellip#=;#= #=50#=卡路里#=4#=倍#=的#=价格#=&#=hellip#=;#=&#=hellip#=;#=性价比#=不高#= #=在#=这家#=店#=买#=了#=很多#=东西#=1000#=，#=多#=了#= #=良心#=评价,201812,1
171,557417705930,1027521134049,在国外的时候喝过，很喜欢，热量也不高，想喝饮料的时候拿这个解馋还不错,在#=国外#=的#=时候#=喝#=过#=，#=很#=喜欢#=，#=热量#=也#=不#=高#=，#=想#=喝#=饮料#=的#=时候#=拿#=这个#=解馋#=还#=不错,201812,1
172,548909890456,1027716821214,蚕豆开花企鹅独家原创文章，未经作者允许禁止转载！ 年龄是每个人非常注重的东西，但是又是我们无法阻止其向前的东西，那么年龄越大，身体的各项功能也会慢慢的减弱了，对于男性朋友们来说还好，一般男性朋友们在开始衰老的情况下，依旧还是会带着一些风尘，而对于女性朋友们来说。年龄的增长无疑是给她们带来了一个非常大的烦恼，其实，有很大的衰老原因都是因为食用了一些视频导致的，我们来一一细数一些这些害人的食品吧。   首先说下第一个，每个人都爱吃的，没错了，就是方便面，方便而又可口，对于方便面来说，是很多上班族喜欢吃的食品了，只要在工作的时候拿热水一冲泡，过那么五分钟左右就可以食用了，但是你们知道它里面伴随着多少对人体有害的物质吗，比如说它首先是油炸的，特别高的热量会造成人体内细胞的不适，容易肥胖，接着就是它的佐料，盐分相当高，吃多了容易激发癌细胞，而且里面防腐剂多，不容易消化。   下面一种食品就是腌制类的食品了，跟方便面差不多的意思，也是盐分过于高，容易催生我们体内的致癌物质。   下面一种食品就是油炸类食品了，尤其是油条，更加不能吃，我们不知道它的油是否是干净的不说，而且油脂很容易激发人体内的衰老因,蚕豆#=开花#=企鹅#=独家#=原创#=文章#=，#=未经#=作者#=允许#=禁止#=转载#=！#= #=年龄#=是#=每个#=人#=非常#=注重#=的#=东西#=，#=但是#=又#=是#=我们#=无法#=阻止#=其#=向前#=的#=东西#=，#=那么#=年龄#=越大#=，#=身体#=的#=各项#=功能#=也#=会#=慢慢#=的#=减弱#=了#=，#=对于#=男性#=朋友#=们#=来说#=还好#=，#=一般#=男性#=朋友#=们#=在#=开始#=衰老#=的#=情况#=下#=，#=依旧#=还是#=会带#=着#=一些#=风尘#=，#=而#=对于#=女性朋友#=们#=来说#=。#=年龄#=的#=增长#=无疑#=是#=给#=她们#=带来#=了#=一个#=非常#=大#=的#=烦恼#=，#=其实#=，#=有#=很大#=的#=衰老#=原因#=都#=是因为#=食用#=了#=一些#=视频#=导致#=的#=，#=我们#=来#=一一#=细数#=一些#=这些#=害人#=的#=食品#=吧#=。#= #= #= #=首先#=说#=下#=第一个#=，#=每个#=人#=都#=爱#=吃#=的#=，#=没错#=了#=，#=就是#=方便面#=，#=方便#=而#=又#=可口#=，#=对于#=方便面#=来说#=，#=是#=很多#=上班族#=喜欢#=吃#=的#=食品#=了#=，#=只要#=在#=工作#=的#=时候#=拿#=热水#=一#=冲泡#=，#=过#=那么#=五分钟#=左右#=就#=可以#=食用#=了#=，#=但是#=你们#=知道#=它#=里面#=伴随#=着#=多少#=对#=人体#=有害#=的#=物质#=吗#=，#=比如说#=它#=首先#=是#=油炸#=的#=，#=特别#=高#=的#=热量#=会#=造成#=人#=体内#=细胞#=的#=不适#=，#=容易#=肥胖#=，#=接着就是#=它#=的#=佐料#=，#=盐分#=相当#=高#=，#=吃#=多#=了#=容易#=激发#=癌细胞#=，#=而且#=里面#=防腐剂#=多#=，#=不#=容易#=消化#=。#= #= #= #=下面#=一种#=食品#=就是#=腌制#=类#=的#=食品#=了#=，#=跟#=方便面#=差不多#=的#=意思#=，#=也#=是#=盐分#=过于#=高#=，#=容易#=催生#=我们#=体内#=的#=致癌物质#=。#= #= #= #=下面#=一种#=食品#=就是#=油炸#=类食品#=了#=，#=尤其#=是#=油条#=，#=更加#=不能#=吃#=，#=我们#=不#=知道#=它#=的#=油#=是否是#=干净#=的#=不#=说#=，#=而且#=油脂#=很#=容易#=激发#=人#=体内#=的#=衰老#=因,201812,1
173,557259819488,1027934545594,里面有个小剪子不错 但不是网上说的0热量，热量还不低呢 包装不错，明明没几块，每块也不大，但是垫的很高，看着以为分量不少,里面#=有个#=小#=剪子#=不错#= #=但#=不是#=网上#=说#=的#=0#=热量#=，#=热量#=还#=不#=低#=呢#= #=包装#=不错#=，#=明明#=没#=几块#=，#=每块#=也#=不大#=，#=但是#=垫#=的#=很#=高#=，#=看着#=以为#=分量#=不少,201812,1
174,564804608029,1027738553934,很好吃！热量不高！棒！ 听说好评必须85字？不然没有积分？那么问题来了，怎么样才可以达到85字呢？这个问题在我的脑海里久久不去。马云爸爸怎么可以这样欺负我？不给我买冰阔洛也就算了，还让我一个二年级的小学生评论一定要写85字，哼！好过分啊，一定要记在小本本上！￣へ￣,很#=好吃#=！#=热量#=不高#=！#=棒#=！#= #=听说#=好评#=必须#=85#=字#=？#=不然#=没有#=积分#=？#=那么#=问题#=来#=了#=，#=怎么样#=才#=可以#=达到#=85#=字#=呢#=？#=这个#=问题#=在#=我#=的#=脑海#=里#=久久#=不去#=。#=马云#=爸爸#=怎么#=可以#=这样#=欺负#=我#=？#=不#=给#=我#=买#=冰阔洛#=也#=就算#=了#=，#=还#=让#=我#=一个#=二年级#=的#=小学生#=评论#=一定#=要#=写#=85#=字#=，#=哼#=！#=好#=过分#=啊#=，#=一定#=要记#=在#=小#=本本#=上#=！#=￣#=へ#=￣,201812,1
175,572818157948,1028973740973,口感好，饱腹感强，热量低！吃了会正常排便！吃了可以美容美颜，而且可以减肥！调整胃肠功能，均衡营养吸收，排出体内毒素，提高免疫力！,口感#=好#=，#=饱腹#=感强#=，#=热量#=低#=！#=吃#=了#=会#=正常#=排便#=！#=吃#=了#=可以#=美容#=美颜#=，#=而且#=可以#=减肥#=！#=调整#=胃肠功能#=，#=均衡#=营养#=吸收#=，#=排出#=体内#=毒素#=，#=提高#=免疫力#=！,201812,1
176,574255352761,1028653833589,买了燕窝，红豆，绿豆三种口味的。之前在实体店买过，口味是一样的，还便宜一点，很好吃，热量也不高，口感也好吃，非常推荐。买了燕窝，红豆，绿豆三种口味的。之前在实体店买过，口味是一样的，还便宜一点，很好吃，热量也不高，口感也好吃，非常推荐。买了燕窝，红豆，绿豆三种口味的。之前在实体店买过，口味是一样的，还便宜一点，很好吃，热量也不高，口感也好吃，非常推荐。,买#=了#=燕窝#=，#=红豆#=，#=绿豆#=三种#=口味#=的#=。#=之前#=在#=实体店#=买过#=，#=口味#=是#=一样#=的#=，#=还#=便宜#=一点#=，#=很#=好吃#=，#=热量#=也#=不#=高#=，#=口感#=也#=好吃#=，#=非常#=推荐#=。#=买#=了#=燕窝#=，#=红豆#=，#=绿豆#=三种#=口味#=的#=。#=之前#=在#=实体店#=买过#=，#=口味#=是#=一样#=的#=，#=还#=便宜#=一点#=，#=很#=好吃#=，#=热量#=也#=不#=高#=，#=口感#=也#=好吃#=，#=非常#=推荐#=。#=买#=了#=燕窝#=，#=红豆#=，#=绿豆#=三种#=口味#=的#=。#=之前#=在#=实体店#=买过#=，#=口味#=是#=一样#=的#=，#=还#=便宜#=一点#=，#=很#=好吃#=，#=热量#=也#=不#=高#=，#=口感#=也#=好吃#=，#=非常#=推荐#=。,201812,1
177,564804608029,1028733743800,这样摆成一排显得很有名的样子，超级多很有成就感。而且重点是卡路里很低呀。我之前特别喜欢吃烤馍，结果烤馍的热量实在是太高了。,这样#=摆#=成#=一排#=显得#=很#=有名#=的#=样子#=，#=超级#=多#=很#=有#=成就感#=。#=而且#=重点#=是#=卡路里#=很#=低#=呀#=。#=我#=之前#=特别#=喜欢#=吃#=烤#=馍#=，#=结果#=烤#=馍#=的#=热量#=实在#=是#=太#=高#=了#=。,201812,1
178,540777173971,1028175606711,热干面（Hot dry noodles）是中国十大面条之一，是湖北武汉最出名的小吃之一，有多种做法。以油、盐、芝麻酱、色拉油、香油、细香葱、大蒜子、量卤水汁、生抽为辅助材料。其色泽黄而油润，味道鲜美，由于热量高，也可以当作主食，营养早餐，补充机体所需的能量。,热干面#=（#=Hot#= #=dry#= #=noodles#=）#=是#=中国#=十大#=面条#=之一#=，#=是#=湖北#=武汉#=最#=出名#=的#=小吃#=之一#=，#=有#=多种#=做法#=。#=以油#=、#=盐#=、#=芝麻酱#=、#=色拉油#=、#=香油#=、#=细#=香葱#=、#=大蒜#=子#=、#=量#=卤水#=汁#=、#=生抽#=为#=辅助材料#=。#=其#=色泽#=黄而油润#=，#=味道鲜美#=，#=由于#=热量#=高#=，#=也#=可以#=当作#=主食#=，#=营养#=早餐#=，#=补充#=机体#=所#=需#=的#=能量#=。,201812,1
179,44609437162,1028195543337,好喝，去火，热量不高,好喝#=，#=去#=火#=，#=热量#=不高,201812,1
180,543489174396,1028474068033,一如既往的好，方便携带而且完全没有任何一点点的副作用！冬天来了，吃火锅比较多，都是高热量高脂肪，所以吃完以后我都会赶紧吃一个果冻，嘴馋归嘴馋，还是很怕胖的.........说实话，效果还不错，从入冬到现在，体重一直维持在94这样，对我这种经常吃火锅的人来说，我觉得这个效果我已经很满意了！,一如既往#=的#=好#=，#=方便#=携带#=而且#=完全#=没有#=任何#=一点点#=的#=副作用#=！#=冬天#=来#=了#=，#=吃火锅#=比较#=多#=，#=都#=是#=高热量#=高脂肪#=，#=所以#=吃#=完#=以后#=我#=都#=会#=赶紧#=吃#=一个#=果冻#=，#=嘴馋#=归#=嘴馋#=，#=还是#=很怕#=胖#=的#=.........#=说实话#=，#=效果#=还#=不错#=，#=从#=入冬#=到#=现在#=，#=体重#=一直#=维持#=在#=94#=这样#=，#=对#=我#=这种#=经常#=吃火锅#=的#=人#=来说#=，#=我#=觉得#=这个#=效果#=我#=已经#=很#=满意#=了#=！,201812,1
181,573207661120,1030327401054,太太好吃了！蜂蜜＋奶球，好吃的不要不要的，简直是性价比最高的甜品了，关键是热量不高，对于减肥的女孩子来说太合适了，然后刚买还没吃完就又下了一单,太太#=好吃#=了#=！#=蜂蜜#=＋#=奶球#=，#=好吃#=的#=不要#=不要#=的#=，#=简直#=是#=性价比#=最高#=的#=甜品#=了#=，#=关键#=是#=热量#=不高#=，#=对于#=减肥#=的#=女孩子#=来说#=太#=合适#=了#=，#=然后#=刚买#=还#=没#=吃#=完#=就#=又#=下#=了#=一单,201812,1
182,554835620464,1029264721140,好久没有认真评价一下了，这个零卡果冻饱腹感还是比较强的，很适合减肥解馋或者代餐吃，买了三个零卡系列和乳酸菌系列，好吃程度排序第一绝对是香浓零卡，第二是乳酸菌，第三橘子葡萄乳酸菌那个零卡系列，垫底是柠檬西柚菠萝零卡系列。一个个来说，香浓零卡绝对值这个价，果味纯正水分足不会太甜刚刚好，强烈推荐，吃的根本停不下来。乳酸菌系列用了白砂糖而不是代糖热量相对高一些，果肉用料实在口感也不错。橘子葡萄乳酸菌这个零卡系列水分相对香浓零卡要少一些，橘子和葡萄果香应该是没用果汁味道不浓郁，感觉橘子味的还没有喜之郎那个果冻好吃，葡萄和乳酸菌的还行。最后要强烈吐槽一下柠檬西柚菠萝这个零卡系列，同是一个牌子的果冻，差别怎么可以这么大，代糖和水果的酸味咸味融合的非常不好，菠萝勉强可以接受，西柚次之，柠檬我真的是看在这么贵价格的份上才没有浪费，最难吃的果冻系列没有之一，以上仅是一个果冻爱好者的个人建议。,好久#=没有#=认真#=评价#=一下#=了#=，#=这个#=零卡#=果冻#=饱腹#=感#=还是#=比较#=强#=的#=，#=很#=适合#=减肥#=解馋#=或者#=代餐#=吃#=，#=买#=了#=三个#=零卡#=系列#=和#=乳酸菌#=系列#=，#=好吃#=程度#=排序#=第一#=绝对#=是#=香浓#=零卡#=，#=第二#=是#=乳酸菌#=，#=第三#=橘子#=葡萄#=乳酸菌#=那个#=零卡#=系列#=，#=垫底#=是#=柠檬#=西柚#=菠萝#=零卡#=系列#=。#=一个个#=来说#=，#=香浓#=零卡#=绝对值#=这个#=价#=，#=果味#=纯正#=水分#=足#=不会#=太甜#=刚刚#=好#=，#=强烈推荐#=，#=吃#=的#=根本#=停不下来#=。#=乳酸菌#=系列#=用#=了#=白砂糖#=而#=不是#=代糖#=热量#=相对#=高#=一些#=，#=果肉#=用料#=实在#=口感#=也#=不错#=。#=橘子#=葡萄#=乳酸菌#=这个#=零卡#=系列#=水分#=相对#=香浓#=零卡要#=少#=一些#=，#=橘子#=和#=葡萄#=果香#=应该#=是#=没用#=果汁#=味道#=不#=浓郁#=，#=感觉#=橘子#=味#=的#=还#=没有#=喜之郎#=那个#=果冻#=好吃#=，#=葡萄#=和#=乳酸菌#=的#=还行#=。#=最后#=要#=强烈#=吐槽#=一下#=柠檬#=西柚#=菠萝#=这个#=零卡#=系列#=，#=同#=是#=一个#=牌子#=的#=果冻#=，#=差别#=怎么#=可以#=这么#=大#=，#=代糖#=和#=水果#=的#=酸味#=咸味#=融合#=的#=非常#=不好#=，#=菠萝#=勉强#=可以#=接受#=，#=西柚#=次之#=，#=柠檬#=我#=真的#=是#=看#=在#=这么#=贵#=价格#=的#=份#=上#=才#=没有#=浪费#=，#=最#=难吃#=的#=果冻#=系列#=没有#=之一#=，#=以上#=仅#=是#=一个#=果冻#=爱好者#=的#=个人#=建议#=。,201812,1
183,557259819488,1029025374288,超好吃啊！热量也不高，太好吃了呜呜呜,超#=好吃#=啊#=！#=热量#=也#=不#=高#=，#=太#=好吃#=了#=呜呜#=呜,201812,1
184,568196711758,1029264721138,好久没有认真评价一下了，这个零卡果冻饱腹感还是比较强的，很适合减肥解馋或者代餐吃，买了三个零卡系列和乳酸菌系列，好吃程度排序第一绝对是香浓零卡，第二是乳酸菌，第三橘子葡萄乳酸菌那个零卡系列，垫底是柠檬西柚菠萝零卡系列。一个个来说，香浓零卡绝对值这个价，果味纯正水分足不会太甜刚刚好，强烈推荐，吃的根本停不下来。乳酸菌系列用了白砂糖而不是代糖热量相对高一些，果肉用料实在口感也不错。橘子葡萄乳酸菌这个零卡系列水分相对香浓零卡要少一些，橘子和葡萄果香应该是没用果汁味道不浓郁，感觉橘子味的还没有喜之郎那个果冻好吃，葡萄和乳酸菌的还行。最后要强烈吐槽一下柠檬西柚菠萝这个零卡系列，同是一个牌子的果冻，差别怎么可以这么大，代糖和水果的酸味咸味融合的非常不好，菠萝勉强可以接受，西柚次之，柠檬我真的是看在这么贵价格的份上才没有浪费，最难吃的果冻系列没有之一，以上仅是一个果冻爱好者的个人建议。,好久#=没有#=认真#=评价#=一下#=了#=，#=这个#=零卡#=果冻#=饱腹#=感#=还是#=比较#=强#=的#=，#=很#=适合#=减肥#=解馋#=或者#=代餐#=吃#=，#=买#=了#=三个#=零卡#=系列#=和#=乳酸菌#=系列#=，#=好吃#=程度#=排序#=第一#=绝对#=是#=香浓#=零卡#=，#=第二#=是#=乳酸菌#=，#=第三#=橘子#=葡萄#=乳酸菌#=那个#=零卡#=系列#=，#=垫底#=是#=柠檬#=西柚#=菠萝#=零卡#=系列#=。#=一个个#=来说#=，#=香浓#=零卡#=绝对值#=这个#=价#=，#=果味#=纯正#=水分#=足#=不会#=太甜#=刚刚#=好#=，#=强烈推荐#=，#=吃#=的#=根本#=停不下来#=。#=乳酸菌#=系列#=用#=了#=白砂糖#=而#=不是#=代糖#=热量#=相对#=高#=一些#=，#=果肉#=用料#=实在#=口感#=也#=不错#=。#=橘子#=葡萄#=乳酸菌#=这个#=零卡#=系列#=水分#=相对#=香浓#=零卡要#=少#=一些#=，#=橘子#=和#=葡萄#=果香#=应该#=是#=没用#=果汁#=味道#=不#=浓郁#=，#=感觉#=橘子#=味#=的#=还#=没有#=喜之郎#=那个#=果冻#=好吃#=，#=葡萄#=和#=乳酸菌#=的#=还行#=。#=最后#=要#=强烈#=吐槽#=一下#=柠檬#=西柚#=菠萝#=这个#=零卡#=系列#=，#=同#=是#=一个#=牌子#=的#=果冻#=，#=差别#=怎么#=可以#=这么#=大#=，#=代糖#=和#=水果#=的#=酸味#=咸味#=融合#=的#=非常#=不好#=，#=菠萝#=勉强#=可以#=接受#=，#=西柚#=次之#=，#=柠檬#=我#=真的#=是#=看#=在#=这么#=贵#=价格#=的#=份#=上#=才#=没有#=浪费#=，#=最#=难吃#=的#=果冻#=系列#=没有#=之一#=，#=以上#=仅#=是#=一个#=果冻#=爱好者#=的#=个人#=建议#=。,201812,1
185,567444852354,1029264721139,好久没有认真评价一下了，这个零卡果冻饱腹感还是比较强的，很适合减肥解馋或者代餐吃，买了三个零卡系列和乳酸菌系列，好吃程度排序第一绝对是香浓零卡，第二是乳酸菌，第三橘子葡萄乳酸菌那个零卡系列，垫底是柠檬西柚菠萝零卡系列。一个个来说，香浓零卡绝对值这个价，果味纯正水分足不会太甜刚刚好，强烈推荐，吃的根本停不下来。乳酸菌系列用了白砂糖而不是代糖热量相对高一些，果肉用料实在口感也不错。橘子葡萄乳酸菌这个零卡系列水分相对香浓零卡要少一些，橘子和葡萄果香应该是没用果汁味道不浓郁，感觉橘子味的还没有喜之郎那个果冻好吃，葡萄和乳酸菌的还行。最后要强烈吐槽一下柠檬西柚菠萝这个零卡系列，同是一个牌子的果冻，差别怎么可以这么大，代糖和水果的酸味咸味融合的非常不好，菠萝勉强可以接受，西柚次之，柠檬我真的是看在这么贵价格的份上才没有浪费，最难吃的果冻系列没有之一，以上仅是一个果冻爱好者的个人建议。,好久#=没有#=认真#=评价#=一下#=了#=，#=这个#=零卡#=果冻#=饱腹#=感#=还是#=比较#=强#=的#=，#=很#=适合#=减肥#=解馋#=或者#=代餐#=吃#=，#=买#=了#=三个#=零卡#=系列#=和#=乳酸菌#=系列#=，#=好吃#=程度#=排序#=第一#=绝对#=是#=香浓#=零卡#=，#=第二#=是#=乳酸菌#=，#=第三#=橘子#=葡萄#=乳酸菌#=那个#=零卡#=系列#=，#=垫底#=是#=柠檬#=西柚#=菠萝#=零卡#=系列#=。#=一个个#=来说#=，#=香浓#=零卡#=绝对值#=这个#=价#=，#=果味#=纯正#=水分#=足#=不会#=太甜#=刚刚#=好#=，#=强烈推荐#=，#=吃#=的#=根本#=停不下来#=。#=乳酸菌#=系列#=用#=了#=白砂糖#=而#=不是#=代糖#=热量#=相对#=高#=一些#=，#=果肉#=用料#=实在#=口感#=也#=不错#=。#=橘子#=葡萄#=乳酸菌#=这个#=零卡#=系列#=水分#=相对#=香浓#=零卡要#=少#=一些#=，#=橘子#=和#=葡萄#=果香#=应该#=是#=没用#=果汁#=味道#=不#=浓郁#=，#=感觉#=橘子#=味#=的#=还#=没有#=喜之郎#=那个#=果冻#=好吃#=，#=葡萄#=和#=乳酸菌#=的#=还行#=。#=最后#=要#=强烈#=吐槽#=一下#=柠檬#=西柚#=菠萝#=这个#=零卡#=系列#=，#=同#=是#=一个#=牌子#=的#=果冻#=，#=差别#=怎么#=可以#=这么#=大#=，#=代糖#=和#=水果#=的#=酸味#=咸味#=融合#=的#=非常#=不好#=，#=菠萝#=勉强#=可以#=接受#=，#=西柚#=次之#=，#=柠檬#=我#=真的#=是#=看#=在#=这么#=贵#=价格#=的#=份#=上#=才#=没有#=浪费#=，#=最#=难吃#=的#=果冻#=系列#=没有#=之一#=，#=以上#=仅#=是#=一个#=果冻#=爱好者#=的#=个人#=建议#=。,201812,1
186,14278240120,1031069304933,热量好高啊 好甜  夏天冰冻吃会比较好吃,热量#=好#=高#=啊#= #=好#=甜#= #= #=夏天#=冰冻#=吃会#=比较#=好吃,201901,1
187,584768581790,1031040038795,身材越来越棒了，瘦了11.8斤肉，真的是太完美了，买东西还是要认准大品牌的，效果看得见，这款是减全身的，能看出来，我小肚子上的肉比较多也是减的比较明显的呢，没有出现什么的不舒服的感觉，保健产品很安全都可以放心吃，反正我用了是没有不良反应的，之前自己也会吃那种比较热量高的食物的，现在就会听从客服的建议不吃这些东西了，大家也可以注意一下，尤其是晚上吃太多了都变成脂肪了，只要形成习惯就可以了，晚上少吃或者不吃就可以了。产品也是正品的，效果很给力,身材#=越来越#=棒#=了#=，#=瘦#=了#=11.8#=斤#=肉#=，#=真的#=是#=太#=完美#=了#=，#=买#=东西#=还是#=要#=认准#=大#=品牌#=的#=，#=效果#=看得见#=，#=这款#=是#=减#=全身#=的#=，#=能#=看#=出来#=，#=我#=小肚子#=上#=的#=肉#=比较#=多#=也#=是#=减#=的#=比较#=明显#=的#=呢#=，#=没有#=出现#=什么#=的#=不#=舒服#=的#=感觉#=，#=保健产品#=很#=安全#=都#=可以#=放心#=吃#=，#=反正#=我用#=了#=是#=没有#=不良反应#=的#=，#=之前#=自己#=也#=会#=吃#=那种#=比较#=热量#=高#=的#=食物#=的#=，#=现在#=就#=会#=听从#=客服#=的#=建议#=不吃#=这些#=东西#=了#=，#=大家#=也#=可以#=注意#=一下#=，#=尤其#=是#=晚上#=吃#=太#=多#=了#=都#=变成#=脂肪#=了#=，#=只要#=形成#=习惯#=就#=可以#=了#=，#=晚上#=少#=吃#=或者#=不吃#=就#=可以#=了#=。#=产品#=也#=是#=正品#=的#=，#=效果#=很#=给#=力,201901,1
188,583027024844,1030492266578,分分钟搞定它！热量不高好像(&amp;gt;_&amp;lt;)觉得还不错哦。然后就没有然后了。哈哈哈哈哈哈不知道讲什么，推荐一下这个吧。,分#=分钟#=搞定#=它#=！#=热量#=不高#=好像#=(#=&#=amp#=;#=gt#=;#=_&#=amp#=;#=lt#=;#=)#=觉得#=还#=不错#=哦#=。#=然后#=就#=没有#=然后#=了#=。#=哈哈哈#=哈哈哈#=不#=知道#=讲#=什么#=，#=推荐#=一下#=这个#=吧#=。,201812,1
189,560958758749,1035603804631,第二次买了，蛮好吃的，平时不消化感觉不排便的时候吃一根效果挺好的，有助于排毒和新陈代谢，减肥还是要结合运动，少吃热量高的东西。,第二次#=买#=了#=，#=蛮#=好吃#=的#=，#=平时#=不#=消化#=感觉#=不#=排便#=的#=时候#=吃#=一根#=效果#=挺#=好#=的#=，#=有助于#=排毒#=和#=新陈代谢#=，#=减肥#=还是#=要#=结合#=运动#=，#=少#=吃#=热量#=高#=的#=东西#=。,201902,1
190,583620405831,1031792910056,已经不能太期待一件事，太过期待就会忍不住在脑海中一遍遍预演这件事，然后因为种种意外导致事情不能如预期般发展，就会特别崩溃。 ​买东西也是一样的，幸亏这个还是很不错的，就是有的时候一喝就停不下来，小小的热量又很低，总体来说还是挺不错的，没有哪种东西是没有存在的意义的，都会有的，只是有的时候多，有的时候少，有时候高，有的时候低,已经#=不能#=太#=期待#=一件#=事#=，#=太过#=期待#=就#=会#=忍不住#=在#=脑海中#=一遍#=遍#=预演#=这件#=事#=，#=然后#=因为#=种种#=意外#=导致#=事情#=不能#=如#=预期#=般#=发展#=，#=就#=会#=特别#=崩溃#=。#= #=​#=买#=东西#=也#=是#=一样#=的#=，#=幸亏#=这个#=还是#=很#=不错#=的#=，#=就是#=有#=的#=时候#=一喝#=就#=停不下来#=，#=小小的#=热量#=又#=很#=低#=，#=总体#=来说#=还是#=挺不错#=的#=，#=没有#=哪#=种#=东西#=是#=没有#=存在#=的#=意义#=的#=，#=都#=会#=有#=的#=，#=只是#=有#=的#=时候#=多#=，#=有#=的#=时候#=少#=，#=有时候#=高#=，#=有#=的#=时候#=低,201901,1
191,580753167269,1033292856631,喜欢，就怕热量太高，哈哈，孕妇贪吃不好,喜欢#=，#=就#=怕#=热量#=太高#=，#=哈哈#=，#=孕妇#=贪吃#=不好,201901,1
192,567875551747,1034293571646,买亏了，价格高，份量少，热量还高，味道也不好。,买#=亏了#=，#=价格#=高#=，#=份量#=少#=，#=热量#=还#=高#=，#=味道#=也#=不好#=。,201901,1
193,578453359384,1034327898253,我要吹爆这个，原本是买来作为控制体重用的零食的。但是它含5g膳食纤维（包装上标注的），所以居然意外治好了我三十年的老便秘&hellip;&hellip;现在又通畅又轻松。我一辈子都要买它！贵也没办法，对比国产的，膳食纤维没它多（国产的才1g），热量比它高。只能是他了！！,我要#=吹#=爆#=这个#=，#=原本#=是#=买来#=作为#=控制#=体重#=用#=的#=零食#=的#=。#=但是#=它#=含#=5g#=膳食#=纤维#=（#=包装#=上#=标注#=的#=）#=，#=所以#=居然#=意外#=治好#=了#=我#=三十年#=的#=老#=便秘#=&#=hellip#=;#=&#=hellip#=;#=现在#=又#=通畅#=又#=轻松#=。#=我#=一辈子#=都#=要#=买#=它#=！#=贵#=也#=没#=办法#=，#=对比#=国产#=的#=，#=膳食#=纤维#=没#=它#=多#=（#=国产#=的#=才#=1g#=）#=，#=热量#=比#=它#=高#=。#=只能#=是#=他#=了#=！#=！,201901,1
194,561146292118,1032151101870,按照给的方法用了，十多天吧，反正就高热量，高脂肪的什么那些零食啊？那些食品通通不要吃，少盐少糖，瘦了有五斤左右。其实这个减肥茶消耗的不多，主要是奶昔消耗的，要多一点，因为是代餐，可能是肥了那么久，胃撑大了，现在的话，我没有那什么所谓的饱腹感。要说不舒服的话，这个没有，哦，奶昔还好吧，就是减肥茶，你要根据给的方法来慢慢加量，要是一时加的太多了，容易腹泻呀，运动的话前一个星期我是还稍微运动一下的，后来的话，我也没有运动了，照样还是瘦了，这个肯定还是是加运动的话，要瘦的快一点，还有就是可能它这个可能是茶来的，要是连续喝的话容易口干，一个小时喝一次吧，然后剩下那时间在不断喝水，要好点,按照#=给#=的#=方法#=用#=了#=，#=十多天#=吧#=，#=反正#=就#=高热量#=，#=高脂肪#=的#=什么#=那些#=零食#=啊#=？#=那些#=食品#=通通#=不要#=吃#=，#=少盐#=少糖#=，#=瘦#=了#=有#=五斤#=左右#=。#=其实#=这个#=减肥茶#=消耗#=的#=不#=多#=，#=主要#=是#=奶昔#=消耗#=的#=，#=要#=多一点#=，#=因为#=是#=代餐#=，#=可能#=是#=肥#=了#=那么#=久#=，#=胃撑#=大#=了#=，#=现在#=的话#=，#=我#=没有#=那#=什么#=所谓#=的#=饱腹#=感#=。#=要说#=不#=舒服#=的话#=，#=这个#=没有#=，#=哦#=，#=奶昔#=还好#=吧#=，#=就是#=减肥茶#=，#=你#=要#=根据#=给#=的#=方法#=来#=慢慢#=加量#=，#=要是#=一时#=加#=的#=太#=多#=了#=，#=容易#=腹泻#=呀#=，#=运动#=的话#=前#=一个#=星期#=我#=是#=还#=稍微#=运动#=一下#=的#=，#=后来#=的话#=，#=我#=也#=没有#=运动#=了#=，#=照样#=还是#=瘦#=了#=，#=这个#=肯定#=还是#=是#=加#=运动#=的话#=，#=要#=瘦#=的#=快#=一点#=，#=还有#=就是#=可能#=它#=这个#=可能#=是#=茶#=来#=的#=，#=要是#=连续#=喝#=的话#=容易#=口#=干#=，#=一个#=小时#=喝#=一次#=吧#=，#=然后#=剩下#=那#=时间#=在#=不断#=喝水#=，#=要#=好点,201901,1
195,546396041268,1036248868394,挺好 很好喝 很便宜 拿来做牛奶🐮红豆仙草 很好 热量不高可以用来减肥 哈哈哈哈 希望有效 很甜 很好喝 非常好喝 非常划算 看到好多人在买 嘿嘿嘿嘿 很好 非常好 非常特别好 整体很好 都非常好 快递也快 便宜又好喝,挺#=好#= #=很#=好喝#= #=很#=便宜#= #=拿来#=做#=牛奶#=🐮#=红豆#=仙草#= #=很#=好#= #=热量#=不高#=可以#=用来#=减肥#= #=哈哈哈哈#= #=希望#=有效#= #=很甜#= #=很#=好喝#= #=非常#=好喝#= #=非常#=划算#= #=看到#=好多#=人#=在#=买#= #=嘿嘿#=嘿嘿#= #=很#=好#= #=非常#=好#= #=非常#=特别#=好#= #=整体#=很#=好#= #=都#=非常#=好#= #=快递#=也#=快#= #=便宜#=又#=好喝,201903,1
196,575240997413,1035959986954,糯糯的滑滑的甜甜的，好吃极了，只是不敢多吃热量高,糯#=糯#=的#=滑#=滑#=的#=甜甜的#=，#=好吃#=极了#=，#=只是#=不敢#=多#=吃#=热量#=高,201902,1
197,572818157948,1035648476627,标题党忽悠人.买完第一盒告诉我必须拍两盒才能按15块一盒我说我补拍两盒..不行.我都没开封我补拍两盒为啥不行.不就是标题党能忽悠一个是一个.不差这两个钱.买后面两盒就为了给你差评.本来没啥用的东西买了图新鲜还要跟你玩文字游戏.我就负责任的告诉大家吃完拉稀.屁用没有.这东西热量还很高,标题#=党#=忽悠#=人#=.#=买#=完#=第一#=盒#=告诉#=我#=必须#=拍#=两盒#=才能#=按#=15#=块#=一盒#=我#=说#=我#=补#=拍#=两盒#=..#=不行#=.#=我#=都#=没#=开封#=我补#=拍#=两盒#=为啥#=不行#=.#=不#=就是#=标题#=党能#=忽悠#=一个#=是#=一个#=.#=不差#=这#=两个#=钱#=.#=买#=后面#=两盒#=就#=为了#=给#=你#=差评#=.#=本来#=没#=啥#=用#=的#=东西#=买#=了#=图#=新鲜#=还要#=跟#=你#=玩#=文字游戏#=.#=我#=就#=负责#=任#=的#=告诉#=大家#=吃#=完#=拉稀#=.#=屁用#=没有#=.#=这#=东西#=热量#=还#=很#=高,201902,1
198,572818157948,1035648636229,标题党忽悠人.买完第一盒告诉我必须拍两盒才能按15块一盒我说我补拍两盒..不行.我都没开封我补拍两盒为啥不行.不就是标题党能忽悠一个是一个.不差这两个钱.买后面两盒就为了给你差评.本来没啥用的东西买了图新鲜还要跟你玩文字游戏.我就负责任的告诉大家吃完拉稀.屁用没有.这东西热量还很高,标题#=党#=忽悠#=人#=.#=买#=完#=第一#=盒#=告诉#=我#=必须#=拍#=两盒#=才能#=按#=15#=块#=一盒#=我#=说#=我#=补#=拍#=两盒#=..#=不行#=.#=我#=都#=没#=开封#=我补#=拍#=两盒#=为啥#=不行#=.#=不#=就是#=标题#=党能#=忽悠#=一个#=是#=一个#=.#=不差#=这#=两个#=钱#=.#=买#=后面#=两盒#=就#=为了#=给#=你#=差评#=.#=本来#=没#=啥#=用#=的#=东西#=买#=了#=图#=新鲜#=还要#=跟#=你#=玩#=文字游戏#=.#=我#=就#=负责#=任#=的#=告诉#=大家#=吃#=完#=拉稀#=.#=屁用#=没有#=.#=这#=东西#=热量#=还#=很#=高,201902,1
199,579353083390,1035785116724,不同口味的4大杯，买一箱到办公室喝，还没开吃，但是颜值很棒，很大一杯，收到货没有破损，平时喜欢喝奶茶，简直是疯狂奶茶控，所以很喜欢这款产品，这个比外面的健康，而且热量不高，下次试一下其他产品，最近天冷喝这个暖暖身子,不同#=口味#=的#=4#=大杯#=，#=买#=一箱#=到#=办公室#=喝#=，#=还#=没开#=吃#=，#=但是#=颜值#=很棒#=，#=很大#=一杯#=，#=收到#=货#=没有#=破损#=，#=平时#=喜欢#=喝#=奶茶#=，#=简直#=是#=疯狂#=奶茶#=控#=，#=所以#=很#=喜欢#=这#=款#=产品#=，#=这个#=比#=外面#=的#=健康#=，#=而且#=热量#=不高#=，#=下次#=试一下#=其他#=产品#=，#=最近#=天冷#=喝#=这个#=暖#=暖#=身子,201902,1
200,36880373796,1036488556495,口感好，就是魔芋比较少，热量有点高。,口感#=好#=，#=就是#=魔芋#=比较#=少#=，#=热量#=有点#=高#=。,201903,1
201,573207661120,1036775899308,第三次购买，喜欢里面的蜂蜜果汁＋奶球。拌起来超好吃，热量总体而言比较低，减肥期间代替其他高热量甜食，推荐～以下为废话：每次确定收货后，偶都会默认好评接着把星星填满，偶觉得这是个好习惯，每当看到：亲，您的评价对别的买家有很大帮助时，偶就发誓一定要做个好评专业户去好好帮助别的买家。马云大叔都说了，给好评的买家都是好买家哈。老板，临走之前再悄悄告诉你一个小秘密，偶已经把你的店铺收藏起来啦!如果别的买家因此而找不到，你可不要怪我哟。,第三次#=购买#=，#=喜欢#=里面#=的#=蜂蜜#=果汁#=＋#=奶球#=。#=拌#=起来#=超#=好吃#=，#=热量#=总体而言#=比较#=低#=，#=减肥#=期间#=代替#=其他#=高热量#=甜食#=，#=推荐#=～#=以下#=为#=废话#=：#=每次#=确定#=收货#=后#=，#=偶都会#=默认#=好评#=接着#=把#=星星#=填满#=，#=偶#=觉得#=这#=是#=个#=好#=习惯#=，#=每当#=看到#=：#=亲#=，#=您#=的#=评价#=对#=别的#=买家#=有#=很大#=帮助#=时#=，#=偶#=就#=发誓#=一定#=要#=做#=个#=好评#=专业户#=去#=好好#=帮助#=别的#=买家#=。#=马云#=大叔#=都#=说#=了#=，#=给#=好评#=的#=买家#=都#=是#=好#=买家#=哈#=。#=老板#=，#=临走#=之前#=再#=悄悄#=告诉#=你#=一个#=小#=秘密#=，#=偶#=已经#=把#=你#=的#=店铺#=收藏#=起来#=啦#=!#=如果#=别的#=买家#=因此#=而#=找#=不到#=，#=你#=可#=不要#=怪#=我#=哟#=。,201903,1
202,576526782880,1036498152910,价格比较美丽，口感还行，在一堆一个几十的日本布丁中相比之下，性价比是真的非常高。也不会甜腻，我比较能吃甜，一口气吃两个也觉得甜度正好。口感顺滑度就很一般了，感觉非常粘稠，厚重。热量好像有点高，哈哈哈哈哈哈。,价格#=比较#=美丽#=，#=口感#=还#=行#=，#=在#=一堆#=一个#=几十#=的#=日本#=布丁#=中#=相比之下#=，#=性价比#=是#=真的#=非常#=高#=。#=也#=不会#=甜腻#=，#=我#=比较#=能#=吃#=甜#=，#=一口气#=吃#=两个#=也#=觉得#=甜度#=正好#=。#=口感#=顺滑#=度#=就#=很#=一般#=了#=，#=感觉#=非常#=粘稠#=，#=厚重#=。#=热量#=好像#=有点#=高#=，#=哈哈哈#=哈哈哈#=。,201903,1
203,564804608029,1037133509475,好吃  热量不高 不算很多 但是在超市称散称果冻差不多也这些钱 值了,好吃#= #= #=热量#=不高#= #=不算#=很多#= #=但是#=在#=超市#=称散#=称#=果冻#=差不多#=也#=这些#=钱#= #=值#=了,201903,1
204,546232679026,1036998777943,做活动买的 挺甜的 上火时候吃一个 热量也不高 怕胖可以不放配料 挺好的,做#=活动#=买#=的#= #=挺#=甜#=的#= #=上火#=时候#=吃#=一个#= #=热量#=也#=不#=高#= #=怕#=胖#=可以#=不#=放#=配料#= #=挺#=好#=的,201903,1
205,575162823983,1037264194189,味道香甜 还不用担心热量高 就是价格偏高,味道#=香甜#= #=还#=不用#=担心#=热量#=高#= #=就是#=价格#=偏高,201903,1
206,570452128537,1037458044243,每一次天猫超市搞活动都会在上面买好多好多的东西，各种零食，这次就买了很多的龟苓膏，有盒子装的也有瓶装的，瓶装的龟苓膏，真的很好喝，在这次购买后已经再次回购了，味道真的超好超好，尤其是百香果味的感觉非常的香甜。而且喝起来也很方便，热量也没有奶茶的高海底捞的番茄底料也是超级超级好喝，每一次吃都会把所有的汤底给喝完。盒子装的龟苓膏也挺好吃的，但我不喜欢在上面加那么多的蜜，感觉加一点就很好吃,每#=一次#=天猫#=超市#=搞#=活动#=都#=会#=在#=上面#=买#=好多好多#=的#=东西#=，#=各种#=零食#=，#=这次#=就#=买#=了#=很多#=的#=龟苓膏#=，#=有#=盒子#=装#=的#=也#=有#=瓶装#=的#=，#=瓶装#=的#=龟苓膏#=，#=真的#=很#=好喝#=，#=在#=这次#=购买#=后#=已经#=再次#=回购#=了#=，#=味道#=真的#=超好#=超好#=，#=尤其#=是#=百香果#=味#=的#=感觉#=非常#=的#=香甜#=。#=而且#=喝#=起来#=也#=很#=方便#=，#=热量#=也#=没有#=奶茶#=的#=高#=海底#=捞#=的#=番茄#=底料#=也#=是#=超级#=超级#=好喝#=，#=每#=一次#=吃#=都#=会#=把#=所有#=的#=汤底#=给#=喝完#=。#=盒子#=装#=的#=龟苓膏#=也#=挺好吃#=的#=，#=但#=我#=不#=喜欢#=在#=上面#=加#=那么#=多#=的#=蜜#=，#=感觉#=加一点#=就#=很#=好吃,201903,1
207,546637063808,1037458044245,每一次天猫超市搞活动都会在上面买好多好多的东西，各种零食，这次就买了很多的龟苓膏，有盒子装的也有瓶装的，瓶装的龟苓膏，真的很好喝，在这次购买后已经再次回购了，味道真的超好超好，尤其是百香果味的感觉非常的香甜。而且喝起来也很方便，热量也没有奶茶的高海底捞的番茄底料也是超级超级好喝，每一次吃都会把所有的汤底给喝完。盒子装的龟苓膏也挺好吃的，但我不喜欢在上面加那么多的蜜，感觉加一点就很好吃,每#=一次#=天猫#=超市#=搞#=活动#=都#=会#=在#=上面#=买#=好多好多#=的#=东西#=，#=各种#=零食#=，#=这次#=就#=买#=了#=很多#=的#=龟苓膏#=，#=有#=盒子#=装#=的#=也#=有#=瓶装#=的#=，#=瓶装#=的#=龟苓膏#=，#=真的#=很#=好喝#=，#=在#=这次#=购买#=后#=已经#=再次#=回购#=了#=，#=味道#=真的#=超好#=超好#=，#=尤其#=是#=百香果#=味#=的#=感觉#=非常#=的#=香甜#=。#=而且#=喝#=起来#=也#=很#=方便#=，#=热量#=也#=没有#=奶茶#=的#=高#=海底#=捞#=的#=番茄#=底料#=也#=是#=超级#=超级#=好喝#=，#=每#=一次#=吃#=都#=会#=把#=所有#=的#=汤底#=给#=喝完#=。#=盒子#=装#=的#=龟苓膏#=也#=挺好吃#=的#=，#=但#=我#=不#=喜欢#=在#=上面#=加#=那么#=多#=的#=蜜#=，#=感觉#=加一点#=就#=很#=好吃,201903,1
208,546396041268,1037458044247,每一次天猫超市搞活动都会在上面买好多好多的东西，各种零食，这次就买了很多的龟苓膏，有盒子装的也有瓶装的，瓶装的龟苓膏，真的很好喝，在这次购买后已经再次回购了，味道真的超好超好，尤其是百香果味的感觉非常的香甜。而且喝起来也很方便，热量也没有奶茶的高海底捞的番茄底料也是超级超级好喝，每一次吃都会把所有的汤底给喝完。盒子装的龟苓膏也挺好吃的，但我不喜欢在上面加那么多的蜜，感觉加一点就很好吃,每#=一次#=天猫#=超市#=搞#=活动#=都#=会#=在#=上面#=买#=好多好多#=的#=东西#=，#=各种#=零食#=，#=这次#=就#=买#=了#=很多#=的#=龟苓膏#=，#=有#=盒子#=装#=的#=也#=有#=瓶装#=的#=，#=瓶装#=的#=龟苓膏#=，#=真的#=很#=好喝#=，#=在#=这次#=购买#=后#=已经#=再次#=回购#=了#=，#=味道#=真的#=超好#=超好#=，#=尤其#=是#=百香果#=味#=的#=感觉#=非常#=的#=香甜#=。#=而且#=喝#=起来#=也#=很#=方便#=，#=热量#=也#=没有#=奶茶#=的#=高#=海底#=捞#=的#=番茄#=底料#=也#=是#=超级#=超级#=好喝#=，#=每#=一次#=吃#=都#=会#=把#=所有#=的#=汤底#=给#=喝完#=。#=盒子#=装#=的#=龟苓膏#=也#=挺好吃#=的#=，#=但#=我#=不#=喜欢#=在#=上面#=加#=那么#=多#=的#=蜜#=，#=感觉#=加一点#=就#=很#=好吃,201903,1
209,567614254836,1037981842339,很好吃 热量也不高 适合减肥人群,很#=好吃#= #=热量#=也#=不#=高#= #=适合#=减肥#=人群,201903,1
210,557798438798,1037522055628,这个布丁味道挺好的 热量也不是很高 和室友你一口我一口简直太棒了时间太晚了就不拍了 以后还会回购的,这个#=布丁#=味道#=挺#=好#=的#= #=热量#=也#=不是#=很#=高#= #=和#=室友#=你#=一口#=我#=一口#=简直#=太棒了#=时间#=太晚#=了#=就#=不#=拍#=了#= #=以后#=还会#=回购#=的,201903,1
211,523791777629,1037863553506,只有一个真的有点点小分 其实热量算了下 和平时买风干牛肉差不多 价格高一点 后续还是会买 作为一个管不住嘴的减脂人士.....大家也可以买魔芋拌着吃 热量更低,只有#=一个#=真的#=有#=点点#=小#=分#= #=其实#=热量#=算了#=下#= #=和#=平时#=买#=风干#=牛肉#=差不多#= #=价格#=高#=一点#= #=后续#=还是#=会#=买#= #=作为#=一个#=管不住#=嘴#=的#=减脂#=人士#=.....#=大家#=也#=可以#=买#=魔芋#=拌#=着#=吃#= #=热量#=更#=低,201903,1
212,538339952011,1037868333780,好吃热量又不高,好吃#=热量#=又#=不#=高,201903,1
213,580196488531,1037980604646,好吃好吃 就是热量有点高，当时以为是低热量的 当减肥时零食买的 后来一对比发现热量比喜之郎果冻高很多 慢慢吃吧,好吃#=好吃#= #=就是#=热量#=有点#=高#=，#=当时#=以为#=是#=低热量#=的#= #=当#=减肥#=时#=零食#=买#=的#= #=后来#=一#=对比#=发现#=热量#=比#=喜之郎#=果冻#=高#=很多#= #=慢慢#=吃#=吧,201903,1
214,557297391999,1039414680868,味道不错，嚼起来很有口感，0卡的就不担心热量太高啦，当作解馋的减肥小零食很不错哦,味道#=不错#=，#=嚼#=起来#=很#=有#=口感#=，#=0#=卡#=的#=就#=不#=担心#=热量#=太高#=啦#=，#=当作#=解馋#=的#=减肥#=小#=零食#=很#=不错#=哦,201904,1
215,556343118980,1038424629399,哈哈热量太高了，刚想减肥，就到货了，空余时间满足一下口舌还是不错的原则。味道美滋滋，强推，齐木楠雄最爱吃，赛高,哈哈#=热量#=太高#=了#=，#=刚想#=减肥#=，#=就#=到货#=了#=，#=空余#=时间#=满足#=一下#=口舌#=还是#=不错#=的#=原则#=。#=味道#=美滋滋#=，#=强推#=，#=齐木#=楠雄#=最爱#=吃#=，#=赛高,201903,1
216,567789312226,1038424629400,哈哈热量太高了，刚想减肥，就到货了，空余时间满足一下口舌还是不错的原则。味道美滋滋,哈哈#=热量#=太高#=了#=，#=刚想#=减肥#=，#=就#=到货#=了#=，#=空余#=时间#=满足#=一下#=口舌#=还是#=不错#=的#=原则#=。#=味道#=美滋滋,201903,1
217,572285488128,1038767985436,奶茶已经收到了。包装的很严实。平时就是个奶茶控，但是热量太高，这个热量低一点，价格也不贵，挺满意的,奶茶#=已经#=收到#=了#=。#=包装#=的#=很#=严实#=。#=平时#=就是#=个#=奶茶#=控#=，#=但是#=热量#=太高#=，#=这个#=热量#=低#=一点#=，#=价格#=也#=不贵#=，#=挺#=满意#=的,201903,1
218,548472982493,1039270050464,还没吃，无法评价口感。但是评价还是要写的呀。一直想试试巧妈妈这款鸡蛋布丁。这次天猫超市正好包邮，就下手了。喜欢布丁的口感，热量也不至于特别高，解馋的好零食。就是一口就吃完了。（不好意思下边重复一遍）还没吃，无法评价口感。但是评价还是要写的呀。一直想试试巧妈妈这款鸡蛋布丁。这次天猫超市正好包邮，就下手了。喜欢布丁的口感，热量也不至于特别高，解馋的好零食。就是一口就吃完了。,还#=没#=吃#=，#=无法#=评价#=口感#=。#=但是#=评价#=还是#=要#=写#=的#=呀#=。#=一直#=想#=试试#=巧#=妈妈#=这#=款#=鸡蛋#=布丁#=。#=这次#=天猫#=超市#=正好#=包邮#=，#=就#=下手#=了#=。#=喜欢#=布丁#=的#=口感#=，#=热量#=也#=不至于#=特别#=高#=，#=解馋#=的#=好#=零食#=。#=就是#=一口#=就#=吃#=完#=了#=。#=（#=不好意思#=下边#=重复#=一遍#=）#=还#=没#=吃#=，#=无法#=评价#=口感#=。#=但是#=评价#=还是#=要#=写#=的#=呀#=。#=一直#=想#=试试#=巧#=妈妈#=这#=款#=鸡蛋#=布丁#=。#=这次#=天猫#=超市#=正好#=包邮#=，#=就#=下手#=了#=。#=喜欢#=布丁#=的#=口感#=，#=热量#=也#=不至于#=特别#=高#=，#=解馋#=的#=好#=零食#=。#=就是#=一口#=就#=吃#=完#=了#=。,201903,1
219,574452694836,1040310648685,一拿到包裹，就立马拆开，外包装给人一种很清新的感觉，特别好看，特别良心。里面的包装也特别用心，很可爱满满的少女心，而且可以很清楚的看到生产日期，吃起来也特别方便，一撕就开了，最重要的是0卡，无热量，吃了不怕长肉，减肥必备啊。微甜不腻，口感很好。颜值高，又好吃，还不用担心胖。,一#=拿到#=包裹#=，#=就#=立马#=拆开#=，#=外包装#=给#=人#=一种#=很#=清新#=的#=感觉#=，#=特别#=好看#=，#=特别#=良心#=。#=里面#=的#=包装#=也#=特别#=用心#=，#=很#=可爱#=满满的#=少女#=心#=，#=而且#=可以#=很#=清楚#=的#=看到#=生产日期#=，#=吃#=起来#=也#=特别#=方便#=，#=一#=撕#=就#=开#=了#=，#=最#=重要#=的#=是#=0#=卡#=，#=无#=热量#=，#=吃#=了#=不怕#=长#=肉#=，#=减肥#=必备#=啊#=。#=微甜#=不腻#=，#=口感#=很#=好#=。#=颜值#=高#=，#=又#=好吃#=，#=还#=不用#=担心#=胖#=。,201904,1
220,580813564323,1039778330907,一起评价吧就...咸蛋黄饼干好大一包！很好吃，没吃完，可以放着慢慢吃。鳕鱼肠也好吃，热量也不高，有芝士味。第一次买农心杯的拉面，因为我喜欢的围棋棋手喜欢吃拉面而且有一个围棋的世界大赛就叫农心杯哈哈哈 不过没觉得好吃...买了两种果冻，其中一种没有了，客服打电话问我能不能换另一种，我说可以，然后问我三种口味要哪个，我说了两种，她说只能要一种..然后给我发了两份一模一样的芒果味果冻过来...感觉有点呆 果冻就是 正常的果冻味道了 嗯 就是这样了 给大家拜个早年,一起#=评价#=吧#=就#=...#=咸蛋#=黄#=饼干#=好大#=一包#=！#=很#=好吃#=，#=没#=吃#=完#=，#=可以#=放着#=慢慢#=吃#=。#=鳕鱼#=肠#=也#=好吃#=，#=热量#=也#=不#=高#=，#=有#=芝士#=味#=。#=第一次#=买#=农心杯#=的#=拉面#=，#=因为#=我#=喜欢#=的#=围棋#=棋手#=喜欢#=吃#=拉面#=而且#=有#=一个#=围棋#=的#=世界大赛#=就#=叫#=农心杯#=哈哈哈#= #=不过#=没#=觉得#=好吃#=...#=买#=了#=两种#=果冻#=，#=其中#=一种#=没有#=了#=，#=客服#=打电话#=问#=我#=能#=不能#=换#=另#=一种#=，#=我#=说#=可以#=，#=然后#=问#=我#=三种#=口味#=要#=哪个#=，#=我#=说#=了#=两种#=，#=她#=说#=只能#=要#=一种#=..#=然后#=给我发#=了#=两份#=一模一样#=的#=芒果#=味#=果冻#=过来#=...#=感觉#=有点#=呆#= #=果冻#=就是#= #=正常#=的#=果冻#=味道#=了#= #=嗯#= #=就是#=这样#=了#= #=给#=大家#=拜个#=早年,201904,1
221,545418772393,1039778330909,一起评价吧就...咸蛋黄饼干好大一包！很好吃，没吃完，可以放着慢慢吃。鳕鱼肠也好吃，热量也不高，有芝士味。第一次买农心杯的拉面，因为我喜欢的围棋棋手喜欢吃拉面而且有一个围棋的世界大赛就叫农心杯哈哈哈 不过没觉得好吃...买了两种果冻，其中一种没有了，客服打电话问我能不能换另一种，我说可以，然后问我三种口味要哪个，我说了两种，她说只能要一种..然后给我发了两份一模一样的芒果味果冻过来...感觉有点呆 果冻就是 正常的果冻味道了 嗯 就是这样了 给大家拜个早年,一起#=评价#=吧#=就#=...#=咸蛋#=黄#=饼干#=好大#=一包#=！#=很#=好吃#=，#=没#=吃#=完#=，#=可以#=放着#=慢慢#=吃#=。#=鳕鱼#=肠#=也#=好吃#=，#=热量#=也#=不#=高#=，#=有#=芝士#=味#=。#=第一次#=买#=农心杯#=的#=拉面#=，#=因为#=我#=喜欢#=的#=围棋#=棋手#=喜欢#=吃#=拉面#=而且#=有#=一个#=围棋#=的#=世界大赛#=就#=叫#=农心杯#=哈哈哈#= #=不过#=没#=觉得#=好吃#=...#=买#=了#=两种#=果冻#=，#=其中#=一种#=没有#=了#=，#=客服#=打电话#=问#=我#=能#=不能#=换#=另#=一种#=，#=我#=说#=可以#=，#=然后#=问#=我#=三种#=口味#=要#=哪个#=，#=我#=说#=了#=两种#=，#=她#=说#=只能#=要#=一种#=..#=然后#=给我发#=了#=两份#=一模一样#=的#=芒果#=味#=果冻#=过来#=...#=感觉#=有点#=呆#= #=果冻#=就是#= #=正常#=的#=果冻#=味道#=了#= #=嗯#= #=就是#=这样#=了#= #=给#=大家#=拜个#=早年,201904,1
222,572285488128,1041072956973,很好喝哦，热量也不高,很#=好喝#=哦#=，#=热量#=也#=不#=高,201904,1
223,572002416647,1040498620187,55555555555好吃啊，减肥中好久不碰零食的我，看到微博有人说热量不高才忍不住买的！说真的胶原蛋白这东西别指望吃这个补全当吃个果冻乐呵乐呵就行。一瓶是120g，薄荷显示热量为148千卡，还是可以接受！,55555555555#=好吃#=啊#=，#=减肥#=中#=好久#=不#=碰#=零食#=的#=我#=，#=看到#=微博#=有人#=说#=热量#=不高才#=忍不住#=买#=的#=！#=说真的#=胶原蛋白#=这#=东西#=别#=指望#=吃#=这个#=补全#=当吃个#=果冻#=乐呵乐#=呵#=就#=行#=。#=一瓶#=是#=120g#=，#=薄荷#=显示#=热量#=为#=148#=千卡#=，#=还是#=可以#=接受#=！,201904,1
224,569850939394,1040997861426,买的套餐，现在还在吃，真的觉的身体好很多，瘦了七斤多，以前走几步路就气喘吁吁的，虽然现在的体重还不是很标准，但是有点运动也不会觉的那么累了。感觉身上的肉真的比原来少了很多，肚子上的肉也没有以前那么多了，服用这段时间也没感觉到不好的反应，平时我也就是正常的吃饭，也没有额外的去运动，毕竟上班没有时间，下班有时候也特别累，我平时就少吃零食，注意少吃热量高的东西，现在对这个减肥产品还是挺满意的,买#=的#=套餐#=，#=现在#=还#=在#=吃#=，#=真的#=觉#=的#=身体#=好#=很多#=，#=瘦#=了#=七斤#=多#=，#=以前#=走#=几步#=路#=就#=气喘吁吁#=的#=，#=虽然#=现在#=的#=体重#=还#=不是#=很#=标准#=，#=但是#=有点#=运动#=也#=不会#=觉#=的#=那么#=累#=了#=。#=感觉#=身上#=的#=肉#=真的#=比#=原来#=少#=了#=很多#=，#=肚子#=上#=的#=肉#=也#=没有#=以前#=那么#=多#=了#=，#=服用#=这#=段时间#=也#=没#=感觉#=到#=不好#=的#=反应#=，#=平时#=我#=也#=就是#=正常#=的#=吃饭#=，#=也#=没有#=额外#=的#=去#=运动#=，#=毕竟#=上班#=没有#=时间#=，#=下班#=有时候#=也#=特别#=累#=，#=我#=平时#=就#=少#=吃零食#=，#=注意#=少#=吃#=热量#=高#=的#=东西#=，#=现在#=对#=这个#=减肥#=产品#=还是#=挺#=满意#=的,201904,1
225,14907794897,1040927272313,真的超好吃，特别适合夏天吃，而且热量也不高，吃一盒也不怕胖,真的#=超#=好吃#=，#=特别#=适合#=夏天#=吃#=，#=而且#=热量#=也#=不#=高#=，#=吃#=一盒#=也#=不怕#=胖,201904,1
226,574824856856,1041061235210,蒟蒻果冻，冲着热量低买的，但是买来看了看热量表，其实也不算低，和喜之郎的蜜橘果冻比起来甚至还要高一点。不过味道确实不错，是那种比较紧实不太容易碎的口感。果汁味道也很不错。超级喜欢在天猫超市买东西，货品很齐全，基本所有的需求都可以一站式解决，不过有时候会有缺货的情况。北京的配送真的是没得说，速度非常快，基本都是隔天达。而且还会送货上门，真的很方便。,蒟#=蒻#=果冻#=，#=冲着#=热量#=低买#=的#=，#=但是#=买#=来看#=了#=看#=热量表#=，#=其实#=也#=不算#=低#=，#=和#=喜之郎#=的#=蜜橘#=果冻#=比#=起来#=甚至#=还要#=高#=一点#=。#=不过#=味道#=确实#=不错#=，#=是#=那种#=比较#=紧实#=不#=太#=容易#=碎#=的#=口感#=。#=果汁#=味道#=也#=很#=不错#=。#=超级#=喜欢#=在#=天猫#=超市#=买#=东西#=，#=货品#=很#=齐全#=，#=基本#=所有#=的#=需求#=都#=可以#=一站式#=解决#=，#=不过#=有时候#=会#=有#=缺货#=的#=情况#=。#=北京#=的#=配送#=真的#=是#=没得说#=，#=速度#=非常#=快#=，#=基本#=都#=是#=隔天#=达#=。#=而且#=还会#=送货上门#=，#=真的#=很#=方便#=。,201904,1
227,579094529322,1041311719162,好吃😋但不会再买哈哈哈哈感觉热量挺高的,好吃#=😋#=但#=不会#=再#=买#=哈哈哈哈#=感觉#=热量#=挺#=高#=的,201904,1
228,571110335627,1041487393092,这个比宜家的好吃，甜甜的橙子味，热量也不高,这个#=比#=宜家#=的#=好吃#=，#=甜甜的#=橙子#=味#=，#=热量#=也#=不#=高,201904,1
229,549128344152,1041559967709,好吃，热量不高，减肥期间的小零食～花香味十足,好吃#=，#=热量#=不高#=，#=减肥#=期间#=的#=小#=零食#=～#=花香#=味十足,201904,1
230,557297391999,1043210712747,这是最喜欢吃的一个果冻了。不过满足自己的馋嘴还是想吃就买啦。和我在冲绳买的一毛一样，0卡的就不担心热量太高啦，谢谢啦～虽然没有葡萄味很遗憾，但是有那个盐水柠檬味真的太感谢了，希望厂家可以多生产点水蜜桃啊！葡萄！草莓！橙子！这些大众口味！,这#=是#=最#=喜欢#=吃#=的#=一个#=果冻#=了#=。#=不过#=满足#=自己#=的#=馋嘴#=还是#=想#=吃#=就#=买#=啦#=。#=和#=我#=在#=冲绳#=买#=的#=一毛#=一样#=，#=0#=卡#=的#=就#=不#=担心#=热量#=太高#=啦#=，#=谢谢#=啦#=～#=虽然#=没有#=葡萄#=味#=很#=遗憾#=，#=但是#=有#=那个#=盐水#=柠檬#=味#=真的#=太#=感谢#=了#=，#=希望#=厂家#=可以#=多#=生产#=点#=水蜜桃#=啊#=！#=葡萄#=！#=草莓#=！#=橙子#=！#=这些#=大众#=口味#=！,201905,1
231,546637063808,1042235872162,超级好吃！热量也不高 减肥当代餐或者零食都可以。 &ldquo;你会时常想起那些离开你的人吗？想起他们的时候会觉得很难过吗？&rdquo; &ldquo;当然会。&rdquo; &ldquo;那为什么不回去找他们?&rdquo; &ldquo;就是知道自己不会，所以才难过。&rdquo; ​​​&ldquo;你被什么打动，什么就是你的命。人活着可能就是这样的，也只会这样，求仁便得仁，从来都不复杂。也许一生只会为同一个想要的结果奔走追求。难的只是看明白自己的心。 ​​​&rdquo;  难的只是看明白自己的心。后来才意识到那些我觉得失去了的东西其实从来都没有属于过我。是某一瞬间我有了自己紧紧抓住过的错觉，或许我真的紧紧抓住过，但也只是我自己想抓住罢了。,超级#=好吃#=！#=热量#=也#=不#=高#= #=减肥#=当代#=餐#=或者#=零食#=都#=可以#=。#= #=&#=ldquo#=;#=你#=会时常#=想起#=那些#=离开#=你#=的#=人#=吗#=？#=想起#=他们#=的#=时候#=会#=觉得#=很#=难过#=吗#=？#=&#=rdquo#=;#= #=&#=ldquo#=;#=当然#=会#=。#=&#=rdquo#=;#= #=&#=ldquo#=;#=那#=为什么#=不#=回去#=找#=他们#=?#=&#=rdquo#=;#= #=&#=ldquo#=;#=就是#=知道#=自己#=不会#=，#=所以#=才#=难过#=。#=&#=rdquo#=;#= #=​#=​#=​#=&#=ldquo#=;#=你#=被#=什么#=打动#=，#=什么#=就是#=你#=的#=命#=。#=人#=活着#=可能#=就是#=这样#=的#=，#=也#=只会#=这样#=，#=求仁#=便#=得仁#=，#=从来#=都#=不#=复杂#=。#=也许#=一生#=只会#=为#=同一个#=想要#=的#=结果#=奔走#=追求#=。#=难#=的#=只是#=看#=明白#=自己#=的#=心#=。#= #=​#=​#=​#=&#=rdquo#=;#= #= #=难#=的#=只是#=看#=明白#=自己#=的#=心#=。#=后来#=才#=意识#=到#=那些#=我#=觉得#=失去#=了#=的#=东西#=其实#=从来#=都#=没有#=属于#=过#=我#=。#=是#=某#=一瞬间#=我#=有#=了#=自己#=紧紧抓住#=过#=的#=错觉#=，#=或许#=我#=真的#=紧紧抓住#=过#=，#=但#=也#=只是#=我#=自己#=想#=抓住#=罢了#=。,201904,1
232,554835620464,1042767126412,没仔细看买了好几种果冻&hellip;果然好吃的就是卡路里喔！正常热量的超好吃，赞赞赞～～～号称的0卡的虽然也不难吃，但是互相一比就败了～～嘛，果冻本来也不算很高卡，何必想不开哈哈。,没#=仔细#=看买#=了#=好几种#=果冻#=&#=hellip#=;#=果然#=好吃#=的#=就是#=卡路里#=喔#=！#=正常#=热量#=的#=超#=好吃#=，#=赞赞赞#=～#=～#=～#=号称#=的#=0#=卡#=的#=虽然#=也#=不难#=吃#=，#=但是#=互相#=一比#=就#=败#=了#=～#=～#=嘛#=，#=果冻#=本来#=也#=不算#=很#=高卡#=，#=何必#=想不开#=哈哈#=。,201904,1
233,561913665179,1042767126414,没仔细看买了好几种果冻&hellip;果然好吃的就是卡路里喔！正常热量的超好吃，赞赞赞～～～号称的0卡的虽然也不难吃，但是一比就败了～～嘛，果冻本来也不算很高卡，何必想不开哈哈。,没#=仔细#=看买#=了#=好几种#=果冻#=&#=hellip#=;#=果然#=好吃#=的#=就是#=卡路里#=喔#=！#=正常#=热量#=的#=超#=好吃#=，#=赞赞赞#=～#=～#=～#=号称#=的#=0#=卡#=的#=虽然#=也#=不难#=吃#=，#=但是#=一比#=就#=败#=了#=～#=～#=嘛#=，#=果冻#=本来#=也#=不算#=很#=高卡#=，#=何必#=想不开#=哈哈#=。,201904,1
234,555008955927,1042767126416,没仔细看买了好几种果冻&hellip;果然好吃的就是卡路里喔！正常热量的超好吃，赞赞赞～～～号称的0卡的虽然也不难吃，但是一比就败了～～嘛，果冻本来也不算很高卡，何必想不开哈哈。,没#=仔细#=看买#=了#=好几种#=果冻#=&#=hellip#=;#=果然#=好吃#=的#=就是#=卡路里#=喔#=！#=正常#=热量#=的#=超#=好吃#=，#=赞赞赞#=～#=～#=～#=号称#=的#=0#=卡#=的#=虽然#=也#=不难#=吃#=，#=但是#=一比#=就#=败#=了#=～#=～#=嘛#=，#=果冻#=本来#=也#=不算#=很#=高卡#=，#=何必#=想不开#=哈哈#=。,201904,1
235,561913665179,1041711417611,这个热量这么高&hellip;写代餐&hellip;,这个#=热量#=这么#=高#=&#=hellip#=;#=写代餐#=&#=hellip#=;,201904,1
236,564429647621,1042597651928,我真的是超级超级喜欢吃这个 并且在薄荷上测量了一下 感觉热量那些并不高！当晚餐吃感觉很饱肚子 好喜欢！做活动肯定还要入手,我#=真的#=是#=超级#=超级#=喜欢#=吃#=这个#= #=并且#=在#=薄荷#=上#=测量#=了#=一下#= #=感觉#=热量#=那些#=并#=不#=高#=！#=当#=晚餐#=吃#=感觉#=很饱#=肚子#= #=好#=喜欢#=！#=做#=活动#=肯定#=还要#=入手,201904,1
237,586414449211,1042871910220,挺好吃的热量还低而去蛋白质还高，快递也很负责，客服也很耐心，喜欢！,挺好吃#=的#=热量#=还#=低#=而#=去#=蛋白质#=还#=高#=，#=快递#=也#=很#=负责#=，#=客服#=也#=很#=耐心#=，#=喜欢#=！,201904,1
238,567399540821,1043596712837,爱吃面食的看过来！！ 【纪文0糖质面】 我终于找到一个90%类似面条，热量又超低的&ldquo;仿面条&rdquo;了！！一包只有25大卡，而且还是0糖质！ 平时这样一包面至少2-300大卡吧，糖分也超高的，减肥时期只能控制一下。之前我有买过其他的低卡面，大多是魔芋做成的，很浓的碱水味！而且吃起来是生脆的口感，难以下咽！ 这包是扁面，吃起来虽然不像普通面条那么软糯、吸水性那么强，但是已经无比接近了，完全没有怪味，用来做拌面汤面都很好吃！！ 我是在日本买到的，回来之后又找daigou囤了好多。价格不便宜，20块左右一包，但是口感真的比那种魔芋面好多了[加油]  最近晚上的主食都用它，做过番茄鸡蛋面、牛油果拌面、还有牛肉汤面都很成功！！真的很像在吃正常版本的面，炒鸡满足了～,爱#=吃#=面食#=的#=看#=过来#=！#=！#= #=【#=纪文#=0#=糖质面#=】#= #=我#=终于#=找到#=一个#=90%#=类似#=面条#=，#=热量#=又#=超低#=的#=&#=ldquo#=;#=仿#=面条#=&#=rdquo#=;#=了#=！#=！#=一包#=只有#=25#=大卡#=，#=而且#=还是#=0#=糖质#=！#= #=平时#=这样#=一包#=面#=至少#=2#=-#=300#=大卡#=吧#=，#=糖分#=也#=超高#=的#=，#=减肥#=时期#=只能#=控制#=一下#=。#=之前#=我#=有#=买#=过#=其他#=的#=低#=卡面#=，#=大多#=是#=魔芋#=做成#=的#=，#=很浓#=的#=碱水#=味#=！#=而且#=吃#=起来#=是#=生脆#=的#=口感#=，#=难以#=下咽#=！#= #=这包#=是#=扁面#=，#=吃#=起来#=虽然#=不像#=普通#=面条#=那么#=软#=糯#=、#=吸水性#=那么#=强#=，#=但是#=已经#=无比#=接近#=了#=，#=完全#=没有#=怪味#=，#=用来#=做#=拌面#=汤面#=都#=很#=好吃#=！#=！#= #=我#=是#=在#=日本#=买到#=的#=，#=回来#=之后#=又#=找#=daigou#=囤#=了#=好多#=。#=价格#=不#=便宜#=，#=20#=块#=左右#=一包#=，#=但是#=口感#=真的#=比#=那种#=魔芋#=面#=好多#=了#=[#=加油#=]#= #= #=最近#=晚上#=的#=主食#=都#=用#=它#=，#=做过#=番茄#=鸡蛋#=面#=、#=牛油果#=拌面#=、#=还有#=牛肉汤面#=都#=很#=成功#=！#=！#=真的#=很#=像#=在#=吃#=正常#=版本#=的#=面#=，#=炒鸡#=满足#=了#=～,201905,1
239,570452128537,1043270058755,超级好吃，日常回购，跟奶茶烧仙草差不多，没那么腻热量又很低。  经常网购，总有大量的包裹收，有很多的评语要写！ 但是，总是写评语花掉了我大量的时间和精力！ 所以在一段时间里，我总是不去评价或者随便写写！ 但是，我又总是觉得好像有点对不住那些辛苦工作的卖家客服、仓管、老板。 于是我写下了一小段话，给我觉得能拿到我五星好评的卖家的宝贝评价里面以示感谢和尊敬！ 宝贝是性价比很高的，我每次都会先试用再评价的，虽然宝贝不一定是最好的，但在同等的价位里面绝对是表现最棒的。,超级#=好吃#=，#=日常#=回购#=，#=跟#=奶茶#=烧#=仙草#=差不多#=，#=没#=那么#=腻#=热量#=又#=很#=低#=。#= #= #=经常#=网购#=，#=总有#=大量#=的#=包裹#=收#=，#=有#=很多#=的#=评语#=要#=写#=！#= #=但是#=，#=总是#=写#=评语#=花掉#=了#=我#=大量#=的#=时间#=和#=精力#=！#= #=所以#=在#=一段时间#=里#=，#=我#=总是#=不去#=评价#=或者#=随便#=写写#=！#= #=但是#=，#=我#=又#=总是#=觉得#=好像#=有点#=对不住#=那些#=辛苦工作#=的#=卖家#=客服#=、#=仓管#=、#=老板#=。#= #=于是#=我#=写下#=了#=一小#=段话#=，#=给#=我#=觉得#=能#=拿到#=我#=五星#=好评#=的#=卖家#=的#=宝贝#=评价#=里面#=以示#=感谢#=和#=尊敬#=！#= #=宝贝#=是#=性价比#=很#=高#=的#=，#=我#=每次#=都#=会#=先#=试用#=再#=评价#=的#=，#=虽然#=宝贝#=不#=一定#=是#=最好#=的#=，#=但#=在#=同等#=的#=价位#=里面#=绝对#=是#=表现#=最棒#=的#=。,201905,1
240,572285488128,1043518846154,这个很好吃啊 热量也不高 就是这俩口味实际上真的没有什么分别 比罗森便宜很多哦,这个#=很#=好吃#=啊#= #=热量#=也#=不#=高#= #=就是#=这#=俩#=口味#=实际上#=真的#=没有#=什么#=分别#= #=比罗森#=便宜#=很多#=哦,201905,1
241,566054166087,1043606630948,天猫超市的发货很快，物流也超迅速，一般第二天都能到，种类很齐全，也很方便。很好吃的枇杷膏，甜甜的，下次还会买。还一起买了龟苓膏，都挺好吃的，热量也不会太高，价格也不贵，下次还会买。,天猫#=超市#=的#=发货#=很快#=，#=物流#=也#=超#=迅速#=，#=一般#=第二天#=都#=能#=到#=，#=种类#=很#=齐全#=，#=也#=很#=方便#=。#=很#=好吃#=的#=枇杷膏#=，#=甜甜的#=，#=下次#=还会#=买#=。#=还#=一起#=买#=了#=龟苓膏#=，#=都#=挺好吃#=的#=，#=热量#=也#=不会#=太高#=，#=价格#=也#=不贵#=，#=下次#=还会#=买#=。,201905,1
242,546232679026,1044219780638,只有两个哦热量不高但是加上炼乳和蜂蜜就不一定了,只有#=两个#=哦#=热量#=不高#=但是#=加上#=炼乳#=和#=蜂蜜#=就#=不#=一定#=了,201905,1
243,564804608029,1043746707065,怎么说呢，就是嘴巴馋的时候的小零食吧，热量也不是很高，不是很甜的口味的，但吃了还是有一点点饱腹的作用，一般饿的时候吃两个就足够了，现在就吃了水蜜桃口味的，其他的口味好不好吃就不知道了，总的来说还行吧，说很好吃是说不上的，推荐购买～,怎么#=说#=呢#=，#=就是#=嘴巴#=馋#=的#=时候#=的#=小#=零食#=吧#=，#=热量#=也#=不是#=很#=高#=，#=不是#=很甜#=的#=口味#=的#=，#=但#=吃#=了#=还是#=有#=一点点#=饱腹#=的#=作用#=，#=一般#=饿#=的#=时候#=吃#=两个#=就#=足够#=了#=，#=现在#=就#=吃#=了#=水蜜桃#=口味#=的#=，#=其他#=的#=口味#=好不好#=吃#=就#=不#=知道#=了#=，#=总的来说#=还行#=吧#=，#=说#=很#=好吃#=是#=说不上#=的#=，#=推荐#=购买#=～,201905,1
244,546637063808,1043812804122,好适合现在的天气吃，凉凉的，也不会太腻，热量也不高减肥都可以吃，完美👍,好#=适合#=现在#=的#=天气#=吃#=，#=凉凉的#=，#=也#=不会#=太腻#=，#=热量#=也#=不#=高#=减肥#=都#=可以#=吃#=，#=完美#=👍,201905,1
245,586879455770,1043865216783,真的好好恰！！！而且热量也不高！，！TTTTTT,真的#=好好#=恰#=！#=！#=！#=而且#=热量#=也#=不#=高#=！#=，#=！#=TTTTTT,201905,1
246,44541407040,1043992567880,好吃，热量又不高，夏天解暑降火,好吃#=，#=热量#=又#=不#=高#=，#=夏天#=解暑#=降火,201905,1
247,566968790052,1044439148754,从字里行间感觉到卖家人真的好好哦，本来只是想买代餐粉的结果就买了这么一堆东西了，收到后迫不及待把所有的东西都尝了一遍，哦吼完蛋，今天热量爆表了，虽说这些低卡小零食（相对一般零食来说），但其实热量还蛮高的，而且再低卡的零食也不能多吃。刚刚冲了代餐粉，但是因为吃了很多零食所以也不知道饱腹感有多久，明天不吃其他的东西试试看，到时候追加～,从#=字里行间#=感觉#=到#=卖家#=人#=真的#=好好#=哦#=，#=本来#=只是#=想#=买代餐#=粉#=的#=结果#=就#=买#=了#=这么#=一堆#=东西#=了#=，#=收到#=后#=迫不及待#=把#=所有#=的#=东西#=都#=尝#=了#=一遍#=，#=哦#=吼#=完蛋#=，#=今天#=热量#=爆表#=了#=，#=虽说#=这些#=低卡#=小#=零食#=（#=相对#=一般#=零食#=来说#=）#=，#=但#=其实#=热量#=还#=蛮高#=的#=，#=而且#=再#=低卡#=的#=零食#=也#=不能#=多#=吃#=。#=刚刚#=冲#=了#=代餐#=粉#=，#=但是#=因为#=吃#=了#=很多#=零食#=所以#=也#=不#=知道#=饱腹#=感有#=多久#=，#=明天#=不吃#=其他#=的#=东西#=试试看#=，#=到时候#=追加#=～,201905,1
248,570681266004,1044404590443,已经第2回来买了，非常喜欢爽露爽的米酿，尤其酷爱菠萝味和玫瑰味，卖家也能按照要求进行发货，比较信赖，作为小嘴零食很受欢迎，热量也不高。,已经#=第#=2#=回来#=买#=了#=，#=非常#=喜欢#=爽露#=爽#=的#=米#=酿#=，#=尤其#=酷爱#=菠萝#=味#=和#=玫瑰#=味#=，#=卖家#=也#=能#=按照#=要求#=进行#=发货#=，#=比较#=信赖#=，#=作为#=小嘴#=零食#=很#=受欢迎#=，#=热量#=也#=不#=高#=。,201905,1
249,546232679026,1044755455644,这个龟苓膏挺好吃的里面还有红豆和椰果 分量也很大  还送了蜂蜜和奶 放进去超好吃 特别是奶! 热量也不高减肥的小姐姐可以不用担心了,这个#=龟苓膏#=挺好吃#=的#=里面#=还有#=红豆#=和#=椰果#= #=分量#=也#=很大#= #= #=还#=送#=了#=蜂蜜#=和#=奶#= #=放进去#=超#=好吃#= #=特别#=是#=奶#=!#= #=热量#=也#=不#=高#=减肥#=的#=小姐姐#=可以#=不用#=担心#=了,201905,1
250,531822697882,1046557645724,不错，热量还是挺高的不能算减肥食品,不错#=，#=热量#=还是#=挺#=高#=的#=不能#=算#=减肥#=食品,201906,1
251,571888342382,1044922959051,蛮好吃的，解馋热量也不高,蛮#=好吃#=的#=，#=解馋#=热量#=也#=不#=高,201905,1
252,572098970617,1047218333167,好吃～～～就是热量有点高不能多吃,好吃#=～#=～#=～#=就是#=热量#=有点#=高#=不能#=多#=吃,201906,1
253,585732491807,1046707649774,好吃解馋，热量又不高。比一般的龟苓膏,好吃#=解馋#=，#=热量#=又#=不#=高#=。#=比#=一般#=的#=龟苓膏,201906,1
254,589540777167,1046833025612,比日本的偏甜。热量也更高。还是追求更零卡的食物,比#=日本#=的#=偏甜#=。#=热量#=也#=更#=高#=。#=还是#=追求#=更零卡#=的#=食物,201906,1
255,574452694836,1046720233814,健康饮食，很好吃，低热量，颜值又高，好评！,健康#=饮食#=，#=很#=好吃#=，#=低热量#=，#=颜值#=又#=高#=，#=好评#=！,201906,1
256,583881234270,1047837177051,现在体重减下13.9斤啦，还有就是代谢也有改善不少。特别是便秘的情况，现在都能一天上一个大号。吃很油热量很高的东西也不会长胖，奈斯~~~支持4+1组合。支持金仕康。,现在#=体重#=减下#=13.9#=斤#=啦#=，#=还有#=就是#=代谢#=也#=有#=改善#=不少#=。#=特别#=是#=便秘#=的#=情况#=，#=现在#=都#=能#=一天#=上#=一个#=大#=号#=。#=吃#=很#=油#=热量#=很#=高#=的#=东西#=也#=不会#=长胖#=，#=奈斯#=~#=~#=~#=支持#=4#=+#=1#=组合#=。#=支持#=金仕康#=。,201906,1
257,570092255894,1047620084284,买了好几箱了，无限回购，很喜欢吃这个，去火，热量又不高！！减肥时候吃！,买#=了#=好#=几箱#=了#=，#=无限#=回购#=，#=很#=喜欢#=吃#=这个#=，#=去#=火#=，#=热量#=又#=不#=高#=！#=！#=减肥#=时候#=吃#=！,201906,1
258,45181408847,1047723666729,好吃。不太苦。加上蜂蜜，奶，虽然好吃了，但热量会高。,好吃#=。#=不#=太苦#=。#=加上#=蜂蜜#=，#=奶#=，#=虽然#=好吃#=了#=，#=但#=热量#=会高#=。,201906,1
259,546637063808,1047251865864,这个很方便，味道也不错，热量又不高，简直完美！,这个#=很#=方便#=，#=味道#=也#=不错#=，#=热量#=又#=不#=高#=，#=简直#=完美#=！,201906,1
260,546232679026,1047674459751,不知道是第几次回购了呢 夏日必备甜品哦 里面有红豆椰果 配上蜂蜜甜甜的超好吃 热量也不会很高,不#=知道#=是#=第几次#=回购#=了#=呢#= #=夏日#=必备#=甜品#=哦#= #=里面#=有#=红豆#=椰果#= #=配#=上#=蜂蜜#=甜甜的#=超#=好吃#= #=热量#=也#=不会#=很#=高,201906,1
261,525060061394,1049147554370,红豆的更贵，感觉不如原味的好吃，推荐原味的，便宜又划算，红豆的吃起来有点干，而且热量更高，不利于减肥人士，店家的快递包装很好，拆开来没有磕碰的，快递速度也很快，分享得了一张99-15的券，还是蛮划算的，买了两箱吃到双十一,红豆#=的#=更#=贵#=，#=感觉#=不如#=原味#=的#=好吃#=，#=推荐#=原味#=的#=，#=便宜#=又#=划算#=，#=红豆#=的#=吃#=起来#=有点#=干#=，#=而且#=热量#=更高#=，#=不利于#=减肥#=人士#=，#=店家#=的#=快递#=包装#=很#=好#=，#=拆开来#=没有#=磕碰#=的#=，#=快递#=速度#=也#=很快#=，#=分享#=得#=了#=一张#=99#=-#=15#=的#=券#=，#=还是#=蛮#=划算#=的#=，#=买#=了#=两箱#=吃#=到#=双十#=一,201906,1
262,45430016079,1048046609007,甜度挺高，很不错，热量不高，当小零食也ok。,甜度#=挺高#=，#=很#=不错#=，#=热量#=不高#=，#=当小#=零食#=也#=ok#=。,201906,1
263,574452694836,1049064384270,看张喜喜推荐的。没她说的那么好吃就是普通的好吃果冻没热量挺好的，性价比不太高,看张#=喜喜#=推荐#=的#=。#=没#=她#=说#=的#=那么#=好吃#=就是#=普通#=的#=好吃#=果冻#=没#=热量#=挺#=好#=的#=，#=性价比#=不太高,201906,1
264,583703031622,1047919697035,冷链送达特别好吃，拿出来的时候冰冰凉凉的，很推荐的，而且热量不是太高，减肥也行,冷链#=送达#=特别#=好吃#=，#=拿#=出来#=的#=时候#=冰冰凉凉#=的#=，#=很#=推荐#=的#=，#=而且#=热量#=不是#=太高#=，#=减肥#=也#=行,201906,1
265,566054166087,1048311929753,是真的很好吃的雪梨枇杷膏 雪梨味道比枇杷重一些 嗓子不舒服跟同学去唱过歌就吃一盒这个 真的非常好用 其实这个更多来说是果冻 小小一个热量也不高 还是挺能满足可爱的我的 吃完油腻火锅来一罐也是很不错的选择 真的挺败火的 我同学之前和我一起吃还求着我一起拼单买来着 回购很多次了 而且天猫超市物流很快 不用等很久即使是在这很累的618,是#=真的#=很#=好吃#=的#=雪梨#=枇杷膏#= #=雪梨#=味道#=比#=枇杷#=重#=一些#= #=嗓子#=不#=舒服#=跟#=同学#=去#=唱#=过#=歌#=就#=吃#=一盒#=这个#= #=真的#=非常#=好用#= #=其实#=这个#=更#=多#=来说#=是#=果冻#= #=小小#=一个#=热量#=也#=不#=高#= #=还是#=挺能#=满足#=可爱#=的#=我#=的#= #=吃#=完#=油腻#=火锅#=来#=一罐#=也#=是#=很#=不错#=的#=选择#= #=真的#=挺#=败火#=的#= #=我#=同学#=之前#=和#=我#=一起#=吃#=还求#=着#=我#=一起#=拼单#=买来#=着#= #=回购#=很#=多次#=了#= #=而且#=天猫#=超市#=物流#=很快#= #=不用#=等#=很#=久#=即使#=是#=在#=这#=很#=累#=的#=618,201906,1
266,566054166087,1048506028208,西瓜热量那么低，为啥你还会胖？ 枯藤老树昏鸦，WIFI空调西瓜。夏天一到，给西瓜拦腰来一刀，吹着小风、吃着西瓜，感觉特别美。 说一个令吃货开心的真相：西瓜的含糖量不高，热量其实很低。 有多低呢？100克西瓜中93%都是水，热量仅为26大卡，比大多数水果都低，例如苹果、葡萄、桃子等，甚至低过了草莓。 吃货来质疑：热量这么低？我明明靠吃西瓜把自己吃胖了啊！ 你吃得太多了！一次吃半个，能不胖嘛。,西瓜#=热量#=那么#=低#=，#=为啥#=你#=还#=会#=胖#=？#= #=枯藤#=老#=树#=昏鸦#=，#=WIFI#=空调#=西瓜#=。#=夏天#=一到#=，#=给#=西瓜#=拦腰#=来#=一刀#=，#=吹#=着#=小风#=、#=吃#=着#=西瓜#=，#=感觉#=特别#=美#=。#= #=说#=一个#=令#=吃货#=开心#=的#=真相#=：#=西瓜#=的#=含糖量#=不高#=，#=热量#=其实#=很#=低#=。#= #=有#=多#=低#=呢#=？#=100#=克#=西瓜#=中#=93%#=都#=是#=水#=，#=热量#=仅为#=26#=大卡#=，#=比#=大多数#=水果#=都#=低#=，#=例如#=苹果#=、#=葡萄#=、#=桃子#=等#=，#=甚至#=低过#=了#=草莓#=。#= #=吃货#=来#=质疑#=：#=热量#=这么#=低#=？#=我#=明明#=靠#=吃#=西瓜#=把#=自己#=吃#=胖#=了#=啊#=！#= #=你#=吃#=得#=太#=多#=了#=！#=一次#=吃#=半个#=，#=能#=不#=胖嘛#=。,201906,1
267,43189047510,1049147554372,红豆的更贵，感觉不如原味的好吃，推荐原味的，便宜又划算，红豆的吃起来有点干，而且热量更高，不利于减肥人士，店家的快递包装很好，拆开来没有磕碰的，快递速度也很快，分享得了一张99-15的券，还是蛮划算的，买了两箱吃到双十一,红豆#=的#=更#=贵#=，#=感觉#=不如#=原味#=的#=好吃#=，#=推荐#=原味#=的#=，#=便宜#=又#=划算#=，#=红豆#=的#=吃#=起来#=有点#=干#=，#=而且#=热量#=更高#=，#=不利于#=减肥#=人士#=，#=店家#=的#=快递#=包装#=很#=好#=，#=拆开来#=没有#=磕碰#=的#=，#=快递#=速度#=也#=很快#=，#=分享#=得#=了#=一张#=99#=-#=15#=的#=券#=，#=还是#=蛮#=划算#=的#=，#=买#=了#=两箱#=吃#=到#=双十#=一,201906,1
268,568079663923,1049236898186,做活动的时候买超级划算，很好吃，不是很甜的那种，里面有小颗颗的红豆很香糯，非常合适点零食点心，热量也不高。,做#=活动#=的#=时候#=买#=超级#=划算#=，#=很#=好吃#=，#=不是#=很甜#=的#=那种#=，#=里面#=有小颗#=颗#=的#=红豆#=很香#=糯#=，#=非常#=合适#=点#=零食#=点心#=，#=热量#=也#=不#=高#=。,201906,1
269,561146292118,1049308376046,第2次购买了，618优惠力度很大，2盒下来优惠了174.茶包效果还是有的，但饮食还是得注意，高热量，高糖分的还是尽量少吃，晚上尽量清淡,第#=2#=次#=购买#=了#=，#=618#=优惠#=力度#=很大#=，#=2#=盒#=下来#=优惠#=了#=174#=.#=茶包#=效果#=还是#=有#=的#=，#=但#=饮食#=还是#=得#=注意#=，#=高热量#=，#=高#=糖分#=的#=还是#=尽量少#=吃#=，#=晚上#=尽量#=清淡,201906,1
270,564429647621,1050017894200,很好吃，热量也不高，一天至少吃两瓶哈哈哈,很#=好吃#=，#=热量#=也#=不#=高#=，#=一天#=至少#=吃#=两瓶#=哈哈哈,201906,1
271,564804608029,1050082286468,寄过来蛮大一个箱子 里面是一个图上这样大的糖果一样的包装 这个样子做的和日本那个一样 但是这个就是普通的热量 比日本那个高 然后比较甜 不过便宜啦,寄过来#=蛮大#=一个#=箱子#= #=里面#=是#=一个#=图上#=这样#=大#=的#=糖果#=一样#=的#=包装#= #=这个#=样子#=做#=的#=和#=日本#=那个#=一样#= #=但是#=这个#=就是#=普通#=的#=热量#= #=比#=日本#=那个#=高#= #=然后#=比较#=甜#= #=不过#=便宜#=啦,201906,1
